College Quad,0.014368598,-0.0023453448,-0.023691203,0.11709249,0.0030321137,0.029584978,0.011736833,0.02100968,-0.044474762,0.060510457,-0.08503823,-0.019542865,0.017683016,-0.0107062785,-0.0358212,-0.0007058587,0.014847945,-0.040874675,-0.12636857,0.022702
Mediterranean Restaurant,0.00094918907,-0.033789225,0.025065552,0.015154082,-0.10021875,0.065901406,-0.029876348,-0.02735959,-0.0399023,-0.028287837,0.08497143,-0.060836546,-0.018268568,-0.0063746865,-0.0748668,0.0083632395,0.05202973,-0.036066316,-0.007425553,0.01860825
Art Museum,-0.035699368,-0.06572716,0.026711695,0.11382143,0.054962523,0.014934082,0.12601346,0.028475462,-0.04181368,-0.0053861532,0.013987899,-0.026210751,0.039462335,0.022410406,0.039349433,-0.03672898,-0.023587855,-0.07521053,-0.007195047,-0.0757624
Professional & Other Places,-0.045348078,0.021497993,-0.028293248,0.047430675,-0.05443008,0.0057421853,0.069994815,-0.08504575,0.016565539,0.04602311,-0.096096635,0.057958435,0.03763562,-0.050955646,-0.024880609,0.12351805,-0.0008835197,0.0025112052,0.032803737,-0.0186273
Football Stadium,-0.019188004,0.01473234,-0.054731447,0.024547689,0.011971533,0.003534974,-0.028066374,-0.019369338,-0.11924895,-0.0008628471,0.066565506,0.0045407168,-0.04588861,-0.061871093,-0.03172843,0.09336888,-0.0046631563,0.028640218,-0.04105228,0.008345645
Smoke Shop,-0.025869677,0.058318164,0.009865923,0.053374223,0.09722667,-0.015717553,-0.08231954,-0.05105734,-0.038275488,0.05019928,0.0516899,-0.018093,-0.043442283,0.010010909,-0.0070392806,-0.019064039,-0.056047488,-0.014659266,-0.03498352,-0.047821417
College Arts Building,0.041163575,-0.019104527,0.029976731,0.09320092,-0.0015577637,0.01560388,-0.02504978,0.019659793,-0.030636115,0.024571164,-0.039119914,-0.03497155,-0.0018669777,0.0044205924,-0.036475997,-0.0019687703,0.026745385,-0.04922516,-0.11759614,0.012919318
Building,-0.062403403,0.042834584,-0.009122187,0.038075663,0.031126063,0.018817523,0.014302909,-0.059496485,0.0016697985,0.0013293643,-0.10832258,0.1114054,-0.0060565677,-0.041118175,0.05476977,0.07262757,-0.038831502,-0.03590472,0.06300735,-0.014769136
College Rec Center,0.002520443,0.033464376,-0.037067406,0.08911198,0.0023782803,0.022618577,0.0027735622,0.0058561396,-0.051670395,-0.015197553,-0.03648009,-0.019315619,0.02454942,-0.0108440295,-0.03688886,0.046795808,0.06575328,-0.03649299,-0.11093428,0.031081997
Paper / Office Supplies Store,-0.034649342,0.022680463,-0.012135131,0.05065451,0.014267515,0.0049642287,-0.037190333,-0.13632739,0.011186735,0.04556578,0.03406412,-0.08679812,-0.021396471,-0.005221947,-0.07042077,-0.0059257895,-0.035316676,-0.008684132,-0.052562654,-0.0044868123
Martial Arts Dojo,-0.08059983,0.023597863,0.012426792,0.037374537,-0.066464484,0.00708963,0.0229557,-0.041965645,0.024905859,-0.054595225,0.018437028,0.015042519,0.085027225,-0.037587404,0.033226747,0.023749812,-0.04705744,-0.017001389,0.022997826,-0.047249377
Surf Spot,-0.009846552,0.003979288,-0.03248381,-0.011427975,-0.08263465,-0.008001227,0.017671285,-0.018556733,0.07282201,0.015968487,0.031448662,-0.0030253408,0.07319042,-0.0051391157,-0.031815886,0.012043948,-0.011645194,0.04398752,0.00040882826,0.0016605705
Multiplex,-0.02678526,-0.05939106,0.0061577344,0.032184135,0.12150091,0.024554119,0.12018457,0.0055305907,-0.08055371,0.0013198596,-0.0071441173,-0.031086497,-0.021007717,0.03141678,0.026870858,-0.021343857,0.02638486,-0.042918622,0.040811665,-0.038752656
Sandwich Place,0.0660491,0.021295555,0.047154304,-0.049367104,0.054250285,0.08469485,-0.095958695,0.015769456,-0.04791251,0.008624869,0.052314974,-0.060003184,0.004015536,0.02024551,-0.02638343,0.06780968,0.0501566,-0.03833295,0.016794547,0.06532436
Food,0.0633312,-0.030603,0.023855554,-0.06792278,-0.028359843,0.09094172,-0.027703568,0.016660701,-0.047331367,-0.031211592,0.024465427,-0.07510353,0.031270802,0.00815126,-0.104389116,0.08007856,0.12634322,-0.037767943,0.005614916,0.034244638
Video Game Store,0.031030584,-0.038730424,0.0031877647,-0.07753573,-0.042745292,0.053312518,-0.03610324,-0.08568525,0.0743386,0.046325557,0.049403593,-0.03447688,-0.018218754,-0.051048867,-0.056101955,0.012995929,-0.0013356823,0.035917047,0.035510093,0.058068015
Coworking Space,0.018912505,0.0029104631,0.010105935,-0.02084798,0.049870186,-0.019950753,0.0152191715,-0.06667832,0.06828652,0.10291418,-0.13252547,-0.0083839055,-0.0024346493,-0.042845,-0.01875107,0.050904498,0.006876936,0.034397036,0.009079155,0.017837543
Campground,0.0030858426,-0.024847053,-0.023632858,0.0060987268,-0.0775777,0.001287125,-0.016511891,-0.014816696,0.0890637,0.003260132,0.05313352,-0.032803245,0.067349866,0.016366022,-0.04654039,-0.009351457,-0.06708554,0.059080116,0.004550491,-0.013496947
Newsstand,-0.026573252,0.012487273,-0.030791657,-0.0015067942,-0.05385067,0.03894896,-0.023764577,-0.07194512,-0.010956524,-0.005047217,0.027035262,-0.004158171,0.0067756567,-0.051001336,-0.051434755,0.046658114,0.02010323,0.021893494,0.015822448,0.032639757
Athletics & Sports,-0.06682342,0.042893533,-0.013059532,-0.0013502669,-0.06957569,-0.035911433,0.03163178,-0.02686342,0.056217156,0.0029563643,0.0065659527,-0.008789785,0.13096377,-0.013405921,0.007604845,0.0276099,-0.0675661,0.05916375,0.00995324,-0.0571662
Bike Shop,-0.007953648,0.0036746638,-0.01910849,0.0025528725,0.13312294,0.069271244,-0.061518125,-0.07899538,-0.0723997,0.004106135,0.03845211,-0.045066573,-0.08399595,0.0005399401,0.008114655,-0.003313723,0.0056184065,0.031894784,0.047409892,0.056953475
High School,0.031732857,-0.03580643,-0.029918898,0.037312426,0.02208016,-0.026360167,0.080543704,-0.034155525,0.021519737,0.12061973,-0.11930916,0.03765045,0.016385058,-0.0737085,-0.047989015,0.06982995,-0.063812904,-0.022999981,-0.006843239,-0.01365165
Auto Dealership,-0.007932509,0.010001487,-0.025095956,0.045078486,0.014691208,0.06359438,-0.07428283,-0.10706912,-0.05295845,0.017782684,0.04930959,-0.08147927,-0.053153217,-0.0091652805,-0.059438102,0.017688034,0.007026324,0.022287678,-0.013960443,0.009597808
Pool,-0.047503673,0.052225526,-0.019573387,0.026723033,-0.03328052,-0.059305433,0.04491332,-0.03662158,0.07433611,0.039961625,-0.035545584,0.015407031,0.10948441,-0.0033772602,0.021245427,0.002229922,-0.10165416,0.05277196,-0.0022465196,-0.047942728
Airport,-0.03766408,0.04558838,-0.020634633,-0.013773298,0.011726815,-0.13363072,0.020620564,0.0064399973,0.039671406,0.028141718,-0.06066233,-0.0037443452,0.025300859,0.009098876,-0.059317816,-0.0165867,0.048539408,0.024485001,-0.05873043,0.024892315
Gaming Cafe,-0.016683098,0.054205313,-0.031602852,-0.0055215657,-0.0177358,0.025086928,-0.053527094,-0.14335412,0.046320952,0.031583652,0.07437816,-0.03641248,-0.042280596,-0.033305373,-0.018018521,-0.0031894427,-0.04362411,-0.008658698,0.022837505,0.020906813
College Cafeteria,0.016487587,0.0062574507,-0.020792214,0.061728265,0.04988973,-0.008475968,0.0014938721,-0.021101074,0.015512714,0.09686161,-0.10224281,-0.03181691,0.0098281605,0.005211525,-0.03259403,0.0004066024,0.01137383,0.006573585,-0.11405261,0.027630426
Whisky Bar,-0.04376483,0.05858124,-0.05389817,-0.057462815,-0.030512907,-0.0803528,-0.042032752,0.03869532,-0.015216,-0.022339927,0.09752937,0.02220926,-0.0046475832,-0.053420912,0.0032581128,0.027041111,-0.022602856,0.05854135,-0.02019437,0.0011678599
Asian Restaurant,0.040746495,-0.06135892,-0.0064464174,-0.08533171,-0.033317197,0.06494721,0.009848866,0.0050498685,-0.01584717,-0.007536656,-0.0026375754,-0.044596173,0.03268657,-0.008064051,-0.11892046,0.065857306,0.10447326,-0.011681745,0.019943334,0.012526803
School,0.024061998,-0.053965617,-0.034339204,0.0408701,0.00202596,-0.0029546728,0.10506679,-0.017467516,-0.018103197,0.07514486,-0.09645574,0.03947456,0.035815306,-0.07502527,-0.057408758,0.08777239,-0.026171714,-0.02962166,-0.0023796,-0.035074692
Conference Room,-0.027867004,-0.013787536,-0.0026010883,-0.024488427,-0.075333335,0.045059547,0.023796096,-0.105638236,0.026287794,-0.022630133,-0.07120703,0.020048426,0.00579496,-0.072118394,0.00787428,0.040986348,0.0405496,0.032871604,0.054190215,0.017475946
Bank,-0.0074499855,-0.06866636,-0.04459734,0.032900915,0.069500044,0.08099938,-0.0036598612,-0.075350925,-0.025488298,0.026762297,0.013957383,-0.09119494,-0.014259822,-0.019710764,-0.07631191,-0.0022183573,0.033798806,0.0022521904,-0.00093733263,-0.019453451
Light Rail Station,-0.09135969,0.14850368,-0.031849846,0.0074884235,-0.022667982,-0.13060594,0.034405835,-0.000993263,0.002140577,0.008719239,-0.055802584,0.05624678,0.050970893,0.04131488,0.0010429565,-0.0033552442,0.014572651,0.002614338,-0.054718237,0.007085805
French Restaurant,-0.0085354075,-0.01800057,0.018791005,0.004357066,-0.09544624,0.07375907,-0.021549635,-0.028219508,-0.024435997,-0.07174791,0.066365555,-0.0672915,0.02391892,0.027979186,-0.08201154,0.02435727,0.08107867,-0.024267567,0.010925168,0.02713651
Hot Spring,-0.046813287,0.055291828,-0.019718144,0.013450695,-0.0016253702,-0.079860225,0.038818266,-0.026418623,0.084066525,0.056634963,-0.01875884,0.014068147,0.11752871,-0.016778598,0.022097606,0.013665075,-0.08112691,0.06369303,-0.013651195,-0.07275121
Concert Hall,-0.08141741,0.061443735,0.033487953,0.098579675,0.10844329,-0.030053282,0.060952336,0.023151707,-0.064673476,-0.015003343,0.05542566,-0.038442276,0.032824002,0.033386584,0.062066022,-0.017973073,-0.06666744,-0.043175034,0.001729616,-0.065154135
River,0.02486591,0.008834949,-0.04235407,-0.08996223,-0.02764918,-0.08205829,-0.009029972,0.010970641,0.082182124,0.09468236,-0.006393644,-0.056302942,0.16933623,0.02611483,-0.035214413,0.0072568115,-0.007444013,0.09886796,0.065967426,-0.04820098
Salon / Barbershop,-0.050522693,0.019817473,-0.022779344,0.09994313,0.07146627,0.038158454,0.004083164,-0.10002374,-0.008205432,0.036069036,0.014669154,-0.04434015,0.009724755,0.01855338,-0.05805501,-0.006074858,-0.0156978,-0.0511601,-0.009614734,-0.056314476
Dance Studio,-0.013516754,0.0060693827,0.0913019,0.06182777,-0.07320127,0.016166132,0.011728976,-0.03453517,0.021049239,-0.03444194,0.09363341,-0.029149992,0.038765084,0.042523894,-0.025991246,0.032097228,0.032341532,-0.06601024,0.004812289,0.010034636
General College & University,0.035317205,-0.0039740726,0.008405453,0.07971118,0.029758641,0.019864641,-0.008173255,0.03335055,-0.07798958,-0.0009778198,-0.056230467,0.0072729103,0.010949294,0.010593177,-0.014518997,-0.008963013,0.009604908,-0.08383262,-0.1268736,0.0071891835
Shoe Store,-0.07625602,0.03249286,-0.03785851,0.08849088,0.046570957,0.013986422,-0.025081756,-0.12749803,-0.0070181396,0.0039380975,0.030889068,-0.05085873,0.00084521156,0.0034082793,-0.0771983,0.012801372,0.013255984,-0.041418254,-0.03124158,0.009885738
Neighborhood,0.028021809,0.021138525,0.04709021,-0.054333024,0.024895288,-0.072429456,-0.04460027,0.03457789,0.06993609,0.08039962,0.023529716,-0.047100104,0.11144776,0.022933053,0.008921893,0.01717278,-0.045071736,0.06731416,0.03445805,-0.054306224
Animal Shelter,-0.028556403,-0.011130955,-0.036442485,0.015800795,-0.12001222,-0.00093364087,0.021603804,-0.04366539,0.010700728,0.026412442,-0.015497584,-0.025736434,0.03943643,-0.042012803,-0.102682255,0.074844405,0.023422653,0.0066334037,-0.0108373165,-0.0050512995
City Hall,-0.054470606,0.020378975,-0.08498119,0.06820238,0.002055904,0.014737514,0.1077363,-0.08980489,-0.03674856,0.073065534,-0.06537793,0.029162893,0.06160335,-0.022005703,-0.026600936,0.10302179,0.04842057,-0.0077257883,0.058523722,-0.04393629
Karaoke Bar,-0.02818697,0.03102928,-0.032930724,-0.06011659,0.04153812,-0.10678929,-0.014564845,0.069267824,-0.034958463,0.030757733,0.07330584,0.019415079,-0.013399704,-0.03077242,0.0045333747,0.019424357,-0.009463701,0.052499678,0.014134665,-0.031429566
Garden,-0.012197113,0.017458584,-0.05859234,-0.043191433,-0.013400908,-0.11022979,0.030116523,0.028757019,0.08307692,0.04630194,-0.02315436,0.0021705236,0.114720196,-0.03454867,-0.012138743,-0.0009514557,-0.040294982,0.09696357,0.0059497384,-0.026601715
Juice Bar,-0.013431033,0.05172666,0.05170386,0.033259008,-0.013976264,0.02566485,-0.05319792,-0.008218517,-0.044067986,-0.032512993,0.07663664,-0.031097354,0.018953217,0.08294471,-0.052649856,0.04498938,0.104896516,-0.07010688,-0.01522672,0.063438684
Fast Food Restaurant,0.10493223,-0.03640555,0.0113964295,-0.12460865,0.1081368,0.08771703,-0.033458445,0.012878219,-0.01885311,0.013893975,-0.051150806,0.002386406,-0.041406363,-0.03992703,0.0079186335,0.042026658,0.0744077,-0.0048962766,0.04021923,0.07717646
Doctor's Office,-0.079900146,0.0484591,-0.027855307,0.052813325,-0.030729353,-0.004409462,0.040029123,-0.028477896,-0.031521562,0.024581477,-0.037280235,0.11266188,0.07149167,-0.03766077,-0.011386941,0.1290262,-0.040160082,-0.026254112,0.04760144,-0.047005005
Grocery Store,0.0030949814,-0.061177693,-0.003142381,0.040289216,0.08099048,0.03720794,0.022713292,-0.03055853,0.03961944,0.0639177,-0.04906668,-0.044936888,-0.011075626,0.025009222,-0.052834567,-0.06975146,-0.046615396,-0.025891585,-0.017824387,-0.036122262
Shopping Mall,0.022050269,-0.0049552373,0.019898295,0.07761062,0.050547283,0.03760844,-0.048235536,-0.021086127,0.012129805,0.023026709,0.004498887,-0.0017696228,-0.034213543,0.03527794,-0.015469039,-0.064242125,-0.07237172,-0.09337324,-0.015330546,-0.025124453
Racetrack,-0.053871647,0.0044750557,-0.023262167,0.04001215,0.07838404,0.025870327,0.053239144,-0.017013663,-0.16175154,-0.053686444,0.0284607,-0.051729314,0.00087775197,0.0006719027,0.01785713,0.03468704,0.0802216,0.0023272242,0.032265365,-0.018888257
Gym Pool,-0.07326818,0.052020676,-0.009641148,0.006966549,-0.043379247,-0.043580752,0.045116328,-0.033396814,0.04804679,0.010978894,-0.023539169,0.0024462156,0.14017603,0.014734391,0.019922476,0.016592214,-0.080658995,0.043492172,-0.009771831,-0.06270045
Motorcycle Shop,-0.029514741,-0.009816919,-0.05604962,0.06367686,0.046296295,0.049568206,-0.042894535,-0.11072095,-0.03449216,0.040484704,0.03464654,-0.122850895,-0.02810166,0.0008550775,-0.11221451,0.00144854,0.01732809,-0.024367237,-0.05400277,0.0061733834
Temple,-0.069028705,0.06208898,-0.02957018,0.020490319,-0.020734541,0.007745932,0.02606212,-0.13301212,0.0057991967,0.047056552,-0.10880387,0.011973046,0.0029040445,0.016438942,0.001413757,0.07307865,0.052218832,-0.0070201918,0.032164034,0.05412308
Travel Lounge,-0.067261584,0.06572802,-0.08785844,0.04095827,-0.06310741,-0.08108824,0.0596138,0.010808082,0.04997981,-0.0021311156,0.01421289,-0.0041203853,0.090144336,0.022458108,-0.057520825,0.023679765,-0.00884884,0.019435007,-0.07666643,-0.023126421
Performing Arts Venue,-0.047821414,0.027091049,0.06312365,0.11024578,0.010860026,-0.0073715867,0.055614635,0.008254716,-0.050996825,-0.032103196,0.046874117,-0.009525213,0.053129386,0.052106626,0.034261663,0.02225119,0.017967341,-0.10720419,0.014472395,-0.045366317
Drugstore,-0.010925408,-0.039336126,-0.036014266,0.022747546,0.059548553,0.08178827,0.017627995,-0.0929861,0.02070741,0.049953625,-0.060576126,-0.041711647,-0.0622911,-0.031647176,-0.006525321,-0.046344027,0.004760865,0.007259723,0.019795805,0.001783031
Indonesian Restaurant,-0.005696211,-0.018856283,-0.0049626264,-0.03298137,-0.1224056,0.034154397,-0.016282098,-0.020394119,0.029305771,-0.031871222,0.054526128,-0.03387394,0.046920374,0.005791489,-0.09180426,0.03472183,0.050719064,0.009325046,0.0011590952,0.021675933
College Bookstore,0.007338292,0.0083362,-0.029779913,0.035944365,-0.052969646,0.049268477,-0.022958664,-0.023533436,-0.024587879,0.00983277,-0.00541937,-0.060344893,0.017350437,-0.01373945,-0.07325323,0.04365135,0.057539865,0.027513579,-0.0834314,0.02019235
Department Store,-0.044839423,0.029008713,0.012900589,0.09864847,0.026222512,0.02279924,-0.025630077,-0.07828378,0.039527945,0.013842357,-0.015723387,0.024716323,-0.022488909,0.033063628,-0.002807688,-0.047196694,-0.0616652,-0.09827875,0.0015355635,-0.01455453
Brewery,-0.038802236,0.030774998,-0.063315615,-0.10385235,-0.01107598,-0.061950453,-0.054970175,0.04441986,0.001859555,0.020128755,0.15690514,0.02975208,-0.03181792,-0.05424086,0.0042383275,0.018362632,-0.01980751,0.09178132,0.08140977,0.00138757
Train,-0.056397356,0.09134712,-0.016115714,0.051803112,0.042254884,-0.074861065,0.02278493,0.027157707,-0.06414451,0.0021815374,-0.026306417,0.022904448,0.008346003,0.052145258,-0.03423263,-0.036798783,0.040675595,-0.076281704,-0.12180425,-0.0056180675
Liquor Store,-0.024948973,-0.03631241,-0.054008584,0.0318548,0.052535318,0.028643306,0.016867535,-0.08340891,0.0052747675,0.08047539,-0.004862302,-0.08752212,0.0022785391,0.015666468,-0.093406126,-0.027249424,0.0074698264,0.0016080406,-0.028871626,-0.01279034
Student Center,-0.0017589154,0.016751485,-0.030301575,0.1106848,0.013859201,0.014098866,-0.011144505,-0.018316146,-0.04494237,0.04993859,-0.06739346,-0.047506824,0.024276517,0.011025973,-0.04191722,0.030333687,0.045968734,-0.028699778,-0.14783368,0.015421421
Other Great Outdoors,0.022820331,-0.0148438085,0.008899111,-0.032731242,0.026722668,-0.055433437,0.022407543,0.029554682,0.05825368,0.05360881,0.014261154,-0.054718904,0.13816899,0.03939609,-0.021358367,-0.00817415,-0.008906772,0.051266868,0.022710724,-0.09405777
German Restaurant,0.004235128,-0.013395466,-0.006063019,0.013499163,-0.12482734,0.08882551,0.019526942,-0.016968593,-0.016344039,-0.07036572,0.0387157,-0.049478613,0.04147126,0.0064445026,-0.07832071,0.035317753,0.09353277,-0.012810568,-0.00889509,0.07098782
Resort,-0.072219774,0.07727048,-0.058752894,-0.0036899075,-0.062338628,-0.084803395,0.04538376,-0.030092726,0.025102599,0.0120713,0.012824306,-0.0175631,0.039348185,-0.0022697076,-0.06511836,0.028538942,0.0022818325,0.00040344335,-0.06320453,-0.009925855
Theme Park Ride / Attraction,0.0010413341,0.014844732,0.03774684,-0.008828314,0.123236,0.037331518,0.01236297,0.008189945,-0.15021895,-0.01872924,0.05162377,-0.08162279,0.015503339,0.016617123,0.017763276,0.057452288,0.10673514,-0.034348175,0.02418635,0.0038092304
Chinese Restaurant,0.025513446,-0.052364297,-0.038141146,-0.08186239,-0.024962751,0.043499228,0.020540437,0.00953443,-0.002906221,0.044304486,-0.017058646,-0.058840126,0.033967372,0.009069933,-0.109431624,0.043309297,0.10315354,0.003746931,0.030407578,-0.022477861
Home (private),0.13009283,-0.009237135,0.03832503,-0.00050459243,0.031794388,-0.009191619,-0.041854113,0.011571522,-0.015456388,0.025098037,-0.029243045,-0.018422224,-0.011507854,-0.00826108,0.011495908,0.012054723,-0.022601807,-0.009407522,-0.016874276,0.0123946
Baseball Field,-0.0074112676,-0.009508396,-0.007810015,-0.040781077,-0.03964272,-0.037854053,0.014104678,0.0016449913,0.053033102,0.016980529,0.018421937,-0.03716498,0.10189346,-0.00033985544,-0.018727154,0.0075536715,-0.039554313,0.063683495,0.028373703,-0.04306181
Flea Market,0.014758771,-0.017033365,-0.06949013,0.061905324,-0.011847635,0.031746168,0.0068486966,-0.054854102,-0.028298158,0.014516048,0.04800378,-0.072824225,0.019673785,-0.023229605,-0.10231315,0.030618096,0.02472349,-0.007025758,-0.034745898,-0.007613307
Residential Building (Apartment / Condo),0.057117008,0.031802364,0.03297285,0.0691842,0.042499073,-0.037477292,-0.078204475,0.011107436,-0.041523576,0.04643253,-0.020845387,-0.02378471,-0.0018418469,0.023136761,0.014617019,9.735115e-05,-0.041927267,-0.015204905,-0.06338297,-0.002018636
College Auditorium,-0.008283699,0.0369431,-0.03876941,0.1122886,-0.009541623,0.025486749,0.00975994,-0.023349302,0.011032706,0.061467163,-0.050528433,-0.07900857,0.032882515,-0.005040493,-0.0660668,0.014381082,0.059034735,-0.014369576,-0.12976244,0.025977984
Museum,-0.05749651,-0.021977773,0.057132073,0.10584228,0.048838098,0.017590387,0.1094378,0.012464868,-0.076436944,-0.03880474,0.052741334,-0.06500019,0.048551373,0.033205517,0.047853734,-0.021597216,0.006055428,-0.04771693,0.014439693,-0.054885834
Snack Place,0.037297063,0.02633885,0.04267578,-0.03384716,-0.0282164,0.10132888,-0.08179064,0.013130486,-0.08281698,-0.05122692,-0.02833566,-0.036541622,-0.023567192,-0.009436533,-0.0033255816,0.09440161,0.11457758,-0.07378544,-0.0003860991,0.06843908
Park,0.0068447986,0.027537106,0.010067603,-0.040207706,0.07035512,-0.10081419,-0.00032274984,-0.004080234,0.106254935,0.085977465,-0.06536863,-0.012031576,0.060014118,0.019313209,0.012085291,-0.019839508,-0.04189779,0.084415615,0.027975023,-0.0015067961
Bakery,0.1305217,0.0004841052,0.10068741,-0.048269864,0.03410328,0.080212995,-0.06538027,0.057076078,-0.08776993,-0.08338411,0.026206743,-0.040545035,0.026262686,0.011183726,-0.01920991,0.03767749,0.08194932,-0.09684315,-0.037770882,0.037038602
Skate Park,-0.026901886,0.0305351,-0.06208872,-0.0454645,-0.05527176,-0.047066912,-0.0123983845,0.018041657,0.008014837,0.009679068,0.04346733,-0.022645831,0.047223896,-0.04208985,-0.051771525,0.06721364,-0.00994141,0.044795763,-0.036699947,0.029119592
Pool Hall,-0.028126026,-0.0550436,-0.03433522,0.037871778,-0.025187094,0.034838967,0.030370232,-0.04157304,-0.057350207,-0.029965417,0.062138073,-0.09536993,0.0017602015,-0.025066053,-0.03864614,0.019382117,0.074209794,0.008766225,0.0069945604,-0.0007582046
Cocktail Bar,-0.057231475,0.05928238,-0.08208343,-0.024348961,-0.0069431514,-0.086341485,-0.031949908,0.038955268,-0.017624056,0.0221091,0.093517266,0.03203948,-0.026193622,-0.025366789,0.010062766,0.029720444,-0.01372051,0.04406429,-0.015071311,-0.01287599
Fraternity House,0.007654635,0.011607525,-0.07570606,0.11700022,-0.035326764,0.017659,-0.00039409392,-0.034476258,-0.029984102,0.047201343,-0.044791825,-0.048288487,0.039855406,-0.009507102,-0.05843143,0.06770894,0.052362554,0.019961411,-0.13824631,0.05375515
Seafood Restaurant,-0.008490682,-0.00066481065,-0.04371681,-0.031473372,-0.061723012,0.10372609,0.023427863,-0.026169248,-0.044483244,-0.009346536,0.035505194,-0.020382142,0.060288176,0.036854506,-0.14795376,0.11187144,0.11580059,0.012050085,0.04874597,0.025936905
Toy / Game Store,0.07737128,-0.03845924,0.04006552,-0.03510063,0.068022,0.019390335,-0.05107124,-0.055022478,0.071078435,0.090467915,-0.00012663193,-0.069834635,-0.016681757,0.0049540345,-0.0042843632,0.008913217,-0.055939905,0.028433638,0.018460665,-0.030971367
Rest Area,-0.12009732,0.17219852,-0.04237659,0.0028927126,-0.016708106,-0.1131382,0.03887107,-0.0039041638,-0.012579651,0.0014678584,-0.045284458,0.059177198,0.036910668,0.029628381,0.0097854845,-0.0010154266,0.045174483,-0.019685708,-0.019082427,-0.002251924
Laundry Service,-0.013412987,-0.04473881,-0.0023435527,0.024213538,-0.014844627,0.05922346,-0.010334298,-0.05051677,-0.017822428,-0.012334773,0.06718164,-0.05559578,0.0037104469,0.007887788,-0.12520544,0.024654474,0.051953442,0.011813546,0.012771715,-0.013299882
Indian Restaurant,0.036273945,-0.063114285,-0.014911664,-0.060124256,-0.049298536,0.07605888,0.02144009,0.0063046347,0.013440924,0.04345926,-0.0074912664,-0.08042894,0.052609004,0.013333376,-0.1332446,0.06231142,0.12764114,0.00038569793,0.024733722,0.0016352339
Metro Station,-0.073975936,0.078286365,-0.028356962,-0.025318531,0.0030470742,-0.08706115,0.02265378,0.011474509,0.0077534523,-0.02467645,-0.055426713,0.059843197,-0.03334709,0.03312314,0.07258391,-0.05519308,0.048228033,-0.021579232,-0.025285777,0.069481306
Movie Theater,-0.014275875,-0.076048374,-0.004125365,0.048132114,0.06859136,0.02579119,0.12825814,0.008958353,-0.046819996,-0.008611742,0.0107281795,-0.041502796,-0.01062487,0.025643596,0.0123501215,-0.008528831,0.0058826604,-0.024762135,0.023047669,-0.041801304
Tech Startup,-0.042893358,0.018134646,-0.02714713,-0.01770882,-0.040356763,0.049037416,0.013242734,-0.10990359,0.0155051965,-0.019663997,-0.079252526,0.02666923,0.011980829,-0.078659445,0.033145715,0.052444935,0.053697214,0.033332825,0.07594227,0.022821017
Recycling Facility,0.011257775,-0.0012914893,-0.019003442,-0.051813304,-0.06550049,0.029635224,-0.045276187,-0.02723125,0.010455881,-0.0032823626,0.08371818,-0.039311264,0.0003539268,-0.03216242,-0.051075637,0.03375577,0.006945612,0.024737746,0.029861433,0.04109274
Office,-0.0060852934,0.010759184,-0.000592418,0.010748028,-0.006624894,0.027545463,0.021442674,-0.11932209,0.05553136,0.044596758,-0.14999968,0.038540397,-0.00728805,-0.04264149,0.009362945,0.060851775,-0.013352366,0.012932591,0.042983823,0.009216589
Track Stadium,-0.06698095,0.07713892,-0.038904127,0.05220524,0.061960522,-0.020796852,-0.0051471023,-0.016927531,-0.17087829,-0.0045766644,0.04956774,0.018448845,-0.032422297,-0.029790733,0.004257528,0.061299212,-0.009490925,0.0100362785,-0.038130518,-0.014629097
Sporting Goods Shop,-0.05987316,0.024036385,-0.031483985,0.06543589,0.08112847,0.0420955,-0.027130535,-0.09661137,-0.0155833755,0.043151572,-0.009596411,-0.04787712,-0.04059034,0.034981463,-0.039376095,-0.011480274,0.0044373125,-0.06452922,0.008043256,0.005703784
Train Station,-0.029808264,0.036027294,-0.016424641,-0.01829568,-0.013711064,-0.09951253,0.015547449,0.060422257,-0.029693987,-0.059790254,-0.028574795,0.081627384,-0.02121017,0.027166598,-0.006257115,-0.08943851,0.018150428,-0.07307629,-0.08255481,0.029574737
Road,-0.08720797,0.11946185,-0.018927477,0.032579605,0.05367497,-0.07147952,-0.009890735,-0.01146586,-0.04980837,0.0041924017,-0.047537915,0.0214059,-0.01944279,0.04947129,0.026944123,-0.033799313,0.05545992,-0.038932547,-0.024941675,0.027560975
Scenic Lookout,-0.026229322,0.017330939,-0.06088956,-0.01875093,-0.0329314,-0.067317665,0.029389622,-0.00998993,0.08714762,0.045676317,0.0055356068,-0.008837096,0.14807057,0.015618641,-0.008825452,0.011817642,-0.03369118,0.06987289,0.051454876,-0.06027724
Hotel Bar,-0.059438772,0.00856486,-0.028173335,-0.06475021,0.032561228,-0.0281347,-0.03490548,0.044492222,-0.023451451,0.023367459,0.06880222,-0.01897718,-0.063923985,-0.0137785785,0.030221503,-0.012825975,0.032150447,0.067691095,0.03822493,0.034956247
Cupcake Shop,0.048187178,0.0018471589,0.02850814,0.024425369,-0.0396451,0.048807178,-0.05315382,0.021923654,-0.046480075,-0.039766356,0.044279102,-0.024573127,0.010671659,0.015968569,-0.051253326,0.03563193,0.06043809,-0.09044233,-0.019303272,0.01135778
Deli / Bodega,0.07367608,-0.018565165,0.06199749,-0.079239815,-0.036446594,0.16560465,-0.074835986,-0.038829606,-0.040018037,-0.0529697,-0.027242556,-0.06290837,-0.03648682,-0.011792589,-1.8958002e-05,0.043736566,0.10540745,-0.018633911,0.009808565,0.17339437
Medical School,0.018141404,-0.0031785674,-0.03431778,0.09612407,-0.051715206,0.019650068,-0.0045615416,0.018084778,-0.07279323,0.004279336,-0.034594767,-0.026355825,0.042734496,0.01112812,-0.06646887,0.04739661,0.06663547,-0.043335907,-0.13515379,0.04033175
Climbing Gym,-0.08832904,0.046414524,0.0033927858,0.009056572,-0.05766057,-0.015122942,0.029561443,-0.03013351,0.015776461,-0.03425577,0.00050477777,0.027645629,0.10391182,-0.036300536,0.043993026,0.02601739,-0.061143946,0.030871859,0.033121184,-0.058090985
Jazz Club,-0.0029880488,-0.039091755,0.030438393,0.16616991,0.017987328,-0.0046327477,0.09330933,0.023301503,0.002024779,0.025968347,-0.0056003863,0.008135214,0.066698164,0.04243683,0.0038922038,-0.02030784,-0.04769727,-0.10286042,-0.027006062,-0.09046434
Lounge,-0.09211475,0.03163008,-0.054163754,-0.020568507,0.009159107,-0.035769016,-0.041140135,0.015871234,-0.075597435,0.006012764,0.16558307,0.03483828,-0.06712549,-0.065899394,0.025133133,0.036527216,-0.059740644,0.124139756,0.05900012,-0.0056155976
Donut Shop,0.08192101,0.0102252755,0.051878426,-0.059350386,0.035796635,0.075195834,-0.11490454,0.031740878,-0.0905615,-0.018652497,0.037899144,-0.07384181,-0.010389242,0.003893975,-0.011884913,0.07284732,0.07038531,-0.060083345,-0.009498317,0.08375579
Housing Development,0.029924436,0.025362303,-0.06433533,0.05048832,-0.010159407,-0.015379335,-0.005834328,-0.00961293,-0.038365066,0.024508927,-0.01702185,-0.024394836,0.039700266,-0.029176196,-0.06309726,0.06075871,0.04339728,0.027782036,-0.08824994,0.051080454
History Museum,-0.05145142,-0.001374769,0.06868161,0.09625935,0.05568134,0.016323537,0.098034635,0.010570821,-0.08786428,-0.024602093,0.04808872,-0.08466717,0.04809174,0.041387342,0.04599014,-0.0029347008,0.028936064,-0.039197877,0.021339938,-0.04407513
Aquarium,-0.060758233,-0.005489811,0.03036119,0.08476457,0.073582366,0.025550975,0.09308609,-0.001397026,-0.12941162,-0.06482938,0.021896679,-0.042398773,0.021868352,-0.014758291,0.035122477,0.051691666,0.07797594,-0.038660325,0.021848522,-0.009051116
Food & Drink Shop,-0.018431906,-0.041979764,-0.023026945,0.04432449,0.043410905,0.03422107,0.017337728,-0.06537586,0.0055424864,0.05308526,-0.00394029,-0.06786,-0.00019375235,0.01573505,-0.076587856,-0.03189827,-0.012810168,-0.010671179,-0.016531458,-0.0269467
Music Venue,-0.0033797994,0.006468397,0.025559824,0.14027056,0.058715638,-0.010720952,0.047288254,0.033528097,-0.009141311,0.016847821,0.015602328,0.045655273,0.037128903,0.043575436,0.043383516,-0.028332852,-0.06261198,-0.11042327,-0.021822035,-0.09728574
Bar,-0.0451601,0.06657514,-0.03998987,-0.071643144,0.056558363,-0.13578323,-0.024704106,0.09972777,-0.053161673,0.034478094,0.0975985,0.026863556,-0.015691392,-0.030342111,0.013102713,0.017425701,-0.020191351,0.061574053,-0.00688777,-0.04009528
Dumpling Restaurant,0.0301543,0.03665483,0.041511744,-0.071572386,-0.0666361,0.07658575,-0.06653938,-0.015477803,0.004622383,-0.01152351,0.0138877425,-0.07287352,0.05214247,0.005123574,-0.04343081,0.15955274,0.099338345,-0.010724799,0.012544386,0.050090738
Gastropub,-0.010398988,-0.046713926,0.014232606,0.018565737,-0.10294147,0.08210397,0.013589137,-0.025075208,0.019277386,-0.016649323,0.025332514,-0.020980302,0.0037547983,-0.015117039,-0.05497467,0.0050974824,0.025928997,0.030983945,0.023671288,0.010282461
Coffee Shop,0.07781064,-0.03794956,0.07574971,-0.08635711,0.10094305,0.0191017,-0.008874188,0.12086747,-0.026456328,-0.038019612,0.008120232,-0.029066753,0.06656381,-0.0072372733,-0.045126587,0.018793616,0.053675186,-0.042218596,0.011270421,-0.050006494
Castle,-0.02517092,0.027703388,-0.06432548,-0.028328253,-0.041154884,-0.07609851,0.035710223,0.00038175494,0.11655457,0.0692868,0.0260974,-0.0039808266,0.14410694,0.0070889415,-0.018236531,0.030780204,-0.05603239,0.09396015,0.019408531,-0.051821828
Gourmet Shop,-0.0396123,-0.0015064161,-0.0017763572,0.050063685,0.0005920902,0.013274087,-0.027379261,-0.071111806,0.010717245,0.022231836,0.037243515,-0.0620664,0.0070549576,0.014046568,-0.06208139,-0.02139983,-0.04440424,-0.02871893,-0.0049008564,-0.04258003
Garden Center,-0.020165138,0.004611647,-0.021495711,-0.016292732,-0.09934676,-0.011180801,-0.018200364,-0.024730224,0.036455177,-0.02380505,0.07780142,-0.026970075,0.00587867,0.009587919,-0.05825429,0.01216309,-0.0040733144,0.039668046,-0.005897101,0.050397076
Beer Garden,-0.046571117,0.054729067,-0.06169595,-0.07345508,0.033435386,-0.099213354,-0.010463364,0.070205584,-0.04612503,0.02342804,0.096474044,0.030227818,-0.029931288,-0.01810221,0.030604564,0.015013985,-0.012324864,0.04510726,0.008119643,-0.008049259
Other Nightlife,-0.038697314,0.037698787,-0.071087286,-0.0777265,0.040685214,-0.11476356,-0.0020173015,0.085416734,-0.030650506,-0.013601248,0.08875847,0.03510145,0.027289214,-0.08285545,0.023614027,0.030747728,0.006323509,0.08904509,0.034361854,-0.045842722
Historic Site,-0.004629545,-0.014880868,0.08544248,0.068955176,0.12265966,0.008289313,0.071884885,0.08056546,-0.095924355,-0.052431382,0.023786936,-0.061734736,0.020589352,0.026168028,0.059448272,-0.061440647,-0.0052158386,-0.06665312,-0.01463632,-0.061846767
Planetarium,-0.02619356,-0.04560303,0.046823468,0.08878845,-0.027987953,0.052615877,0.07634561,-0.007946257,-0.03401976,-0.061647225,0.06621644,-0.045492936,0.07093188,0.0023645796,0.0050054174,0.017952316,0.024324806,-0.011214195,0.011801811,0.0051399954
Indie Movie Theater,-0.002095641,-0.09619233,-0.02410846,0.058487862,0.03285965,0.052399024,0.17485714,-0.014768682,-0.024415655,0.0050974237,0.010408645,-0.053549945,-0.0063866163,0.02891381,-0.009387731,0.008792771,0.01862636,0.008712824,0.02728708,-0.037241735
Water Park,0.004013825,-0.018577347,0.040423848,0.066976964,-0.008377582,0.005770327,0.054202996,0.01770217,-0.05568578,0.0032433644,0.07538693,-0.06906234,0.04367964,0.04788442,-0.031274006,0.027496323,0.092354245,-0.04730451,-0.033264205,-0.020178465
Event Space,-0.04187384,0.005020177,-0.05545653,-0.0050299186,-0.019058712,0.049582478,0.028663348,-0.08060045,0.000720236,0.010644551,-0.1172403,0.07342468,0.006024775,-0.04512784,0.03741353,0.032520846,0.05729345,0.012594318,0.114501394,-0.00046349503
Automotive Shop,-0.011047944,-0.027515113,-0.032991923,0.041240804,0.10719147,0.08552865,-0.042535365,-0.080791116,-0.07442031,0.020688862,0.0054023443,-0.06380713,-0.0382462,-0.037687145,-0.024027433,-0.015606096,0.02437617,-0.016870357,0.028096974,0.0061252615
Market,-0.019647961,-0.009072676,-0.027713984,0.05088296,-0.026621081,0.041090384,0.012234392,-0.03637529,-0.012882091,-0.037237458,0.059320986,-0.05334559,0.020427184,-0.012457296,-0.068054445,0.021795325,0.04177299,-0.013258411,0.013394438,-0.009575974
Fire Station,-0.024608957,-0.043703113,-0.07994379,0.049349293,-0.032106508,0.005090786,0.09738932,-0.009404708,0.008607521,0.05136812,-0.008103665,0.017259974,0.09225781,-0.004136311,-0.033233024,0.03619258,-1.023896e-05,-0.024214132,0.02944171,-0.06683269
Thrift / Vintage Store,-0.011679353,-0.015000339,0.029134566,0.03232544,-0.05586464,0.02566061,-0.025740432,-0.05957402,-0.025909485,-0.035765663,0.105115525,-0.053964883,0.008108305,-0.028300684,-0.057989273,0.045494966,0.015071351,-0.0065854015,-0.0028649005,0.007540926
Field,-0.053282373,0.036108173,-0.027288463,0.011976361,-0.04997567,-0.051107407,0.046721354,-0.006045735,0.08040569,0.035501678,0.0025266013,0.004008021,0.10812459,0.011374092,-0.0016986206,0.009522828,-0.058103964,0.06306137,-0.005619496,-0.05547224
Speakeasy,-0.07307266,0.064067304,-0.04190026,-0.04678053,0.003765069,-0.080445096,-0.020042287,0.049592953,-0.024526548,-0.007360412,0.11397007,0.033448633,-0.0067717363,-0.020290043,0.009186239,0.016223462,-0.010797311,0.056568738,-0.017002441,-0.0056228917
Mountain,0.021609891,-0.046463013,-0.010919085,-0.035677366,-0.07765927,0.00079378113,0.028521512,0.0047548413,0.09406839,0.016356206,0.02903394,-0.04732576,0.1015218,-0.020629562,-0.017421693,0.011409722,-0.013950351,0.05912055,0.040662177,-0.053790137
Rock Club,-0.0021458443,0.024933413,0.030633355,0.11305011,0.08831762,-0.034074735,0.02212933,0.0579097,-0.03234566,0.0050198804,0.025690936,0.043526635,0.02317276,0.02925574,0.06524898,-0.024364911,-0.06575112,-0.09645784,-0.018193312,-0.08998316
University,0.062849484,-0.043948103,0.0041967463,0.06458752,0.045625627,0.025480798,0.003720716,0.023202553,-0.02930291,0.018308721,-0.099065855,-0.018914439,-0.00652814,-0.028585441,-0.017051317,-0.012763084,0.0051625576,-0.026345652,-0.08414504,0.020125719
Eastern European Restaurant,0.0038830806,-0.0023946865,0.022196196,-0.009495877,-0.10134441,0.056281306,-0.00941476,0.009921614,-0.0073645413,-0.08037521,0.076129206,-0.031954665,0.04151623,0.041415192,-0.044789556,0.044700604,0.060094275,0.0011929646,-0.012200217,0.029928885
Outdoors & Recreation,0.004653902,0.008926168,-0.020725677,-0.038654175,-0.04830722,-0.06998403,0.025415508,-0.0067017064,0.12184539,0.07506815,0.014265642,-0.046564072,0.16807869,0.00955327,-0.032252267,0.0030018913,-0.05895352,0.09133552,0.017212862,-0.06486991
Tennis Court,-0.05961366,0.039766334,-0.03173025,-0.005134652,-0.069992386,-0.031309076,0.04123342,-0.020451544,0.066762574,0.008430333,0.0067444593,-0.001160631,0.1076006,-0.0036512357,-0.001976734,0.022153795,-0.06428866,0.041261002,-0.0016706167,-0.033908
Boutique,-0.071490906,0.028148698,-0.0012971959,0.11588163,0.031839177,0.03133843,-0.024180006,-0.120009094,0.02821238,-0.008758441,0.028375661,-0.060696006,-0.014908142,-0.0054349694,-0.060536772,0.00995612,-0.0029895082,-0.055424474,-0.0025989125,0.0025111744
Bagel Shop,-0.0015683379,-0.00036555156,0.025400337,-0.0014342591,-0.07020817,0.033475306,-0.024413755,-0.02219779,-0.0730497,-0.13160986,0.103681274,-0.024886087,0.033179928,0.063465975,-0.05539316,0.036072142,0.08004716,-0.034004234,-0.008299168,0.06555706
Lake,0.012447537,-0.018361676,-0.045780618,-0.022230892,-0.04002641,-0.015300989,0.040305555,-0.03417155,0.08584701,0.10130252,0.012329231,-0.080434635,0.11539385,0.057247963,-0.057639286,-0.046079285,-0.012211235,0.044969413,-0.0071647298,-0.0184958
Theme Park,-0.042088177,0.015282,0.02982981,0.019217368,0.14819686,0.036890864,0.058014795,0.007038757,-0.16240029,-0.030267844,0.033567898,-0.049831495,0.019764442,0.032961253,0.061488703,0.016380098,0.07727204,-0.042231098,0.04008874,-0.016373299
Rental Car Location,-0.058795594,0.07561312,-0.035382137,0.02510436,-0.095653,-0.04772769,0.0050131236,-0.013081277,-0.0074955286,-0.01984628,0.04068575,-0.03036875,0.044097885,-0.0053529516,-0.09772508,-0.00064309686,0.029706549,-0.007636115,-0.077641085,-0.011125346
Comedy Club,-0.069141485,0.0052226423,0.03675035,0.051456824,-0.020930883,0.016827082,0.059522435,0.04956845,-0.045788836,-0.10686952,0.0960591,0.013983978,0.015165074,0.07930392,0.061974682,-0.029278645,-0.015647868,-0.036669884,0.015724994,-0.039120078
Taco Place,-0.008823717,-0.02001884,-0.031306814,0.011037561,-0.0754914,0.038379222,0.005091629,-0.033087477,0.01114139,-0.06385429,0.078262664,-0.05219125,0.011376415,-0.037914094,-0.07563771,0.03215967,0.008648984,0.003191852,0.037751514,-0.010048454
Hobby Shop,0.05654381,0.010361783,0.020457726,-0.021257516,0.03773962,0.014007688,-0.05858697,-0.061935354,0.07771464,0.06818113,-0.016100623,-0.016275829,-0.0811963,0.017652128,0.024335304,-0.04146681,-0.06594017,-0.0132508,-0.02475938,0.03214573
Fried Chicken Joint,0.025265582,0.033780232,0.017401503,-0.00701309,0.009344305,0.10072684,-0.094411224,-0.010337112,-0.095932536,-0.027261976,0.004718004,-0.018594885,-0.04558496,0.0363066,-0.05588776,0.048317835,0.08803597,-0.06975283,-0.02529006,0.08211301
Public Art,-0.035829294,-0.03967644,0.020217367,0.098300815,0.037708823,0.034594163,0.068291195,0.0051850183,-0.09505851,-0.054886706,0.06277144,-0.108529456,0.035403207,0.024502967,0.0011490267,0.010152778,0.04053498,-0.0444863,0.0065910043,-0.04629658
Convention Center,-0.0512271,0.014899533,-0.04581349,0.00023725256,-0.02179674,0.04279953,0.045244187,-0.097695455,-0.017881421,-0.00035800412,-0.11747204,0.07815995,0.018384803,-0.07280911,0.04098298,0.072989,0.087949015,0.01882463,0.100372985,-0.0020503602
Library,-0.04477664,0.11257809,-0.016783634,0.053240158,0.0008811299,-0.06607117,0.022886138,-0.0764098,-0.0054198997,0.07081978,-0.0542702,0.043614186,0.033885576,0.021172334,-0.034666788,0.14688879,-0.029898703,0.005619507,-0.03691479,-0.026857655
Bike Rental / Bike Share,-0.044378802,-0.026768431,-0.0086330725,0.037083015,-0.036148068,0.024870884,0.010720362,-0.051480267,-0.046802193,-0.035643842,0.026011914,-0.07422489,0.0056223767,0.0039872658,-0.06539248,-0.011940466,0.084516466,0.013445066,0.0021557398,0.02939448
Mobile Phone Shop,0.03604662,0.024211576,0.018356657,-0.020455398,0.046559967,0.036101777,-0.16252407,-0.070938915,-0.020178506,0.06526012,0.08831301,-0.046877876,-0.10401577,-0.0052413885,-0.0011839941,-0.009609839,-0.06979104,-0.026454324,-0.013193162,0.037678555
Convenience Store,0.030137021,-0.05911441,-0.012215958,0.0125126615,0.051962536,0.10807063,-0.029654816,-0.011530329,-0.008158621,0.008555733,-0.03950248,-0.0024889987,-0.07946117,-0.014886605,-0.008120207,-0.027133146,-0.039683327,-0.02650934,0.0043199407,0.009188246
Gift Shop,-0.040853526,0.040913947,-0.020415822,0.10396963,0.00025939755,-0.019007888,-0.011124527,-0.060031433,-0.015051767,0.02678508,0.026777083,-0.027257316,0.018936075,0.01469033,-0.05601304,-0.009795152,-0.05412886,-0.036492337,-0.06566129,-0.07544623
Strip Club,-0.07218185,0.07774131,-0.07686835,-0.020745823,0.0165284,-0.05423598,-0.03634657,0.040889803,-0.016922932,0.017811477,0.13890073,0.047630176,-0.032791898,-0.04611014,0.023470782,0.016408,-0.018238856,0.06650463,-0.006186124,-0.008636265
Spiritual Center,-0.047794037,0.038059168,-0.010467902,-0.012473213,-0.06285979,-0.013379979,0.031001583,-0.09475213,0.028099582,0.048983514,-0.069353625,-0.0019413978,0.020574667,0.013745746,-0.035919588,0.086556725,0.051165577,0.0116912555,0.0014876211,0.046064768
Wine Bar,-0.04350266,0.056336444,-0.04865358,-0.049903214,0.022325216,-0.07378845,-0.02786303,0.066298924,-0.02522244,0.035641283,0.07875089,0.015420879,0.0036293147,-0.021022439,-0.00012260117,0.026604563,-0.0028672516,0.04976493,-0.0199484,-0.018859118
Arcade,-0.062676564,0.0027648513,-0.0034824489,0.033253442,0.0804982,0.02130504,0.051553432,-0.020364054,-0.07717955,-0.03340135,-0.049601495,-0.008501136,-0.007442629,0.03446003,0.09251728,-0.017920911,0.020236246,0.0019598026,0.06686395,-0.0029171817
Meeting Room,-0.051756054,0.009976974,0.016602617,-0.027754964,-0.096565954,0.03620407,0.0291782,-0.061556924,-0.015176617,-0.041278902,-0.04210501,0.061696477,0.036268674,-0.049984764,0.024206186,0.07426213,0.090818174,0.023782652,0.051393323,0.015093622
College Classroom,-0.010169966,0.022781756,-0.056677207,0.112971574,0.0077357413,0.029876834,0.0051130606,-0.008403012,-0.0482713,0.057150736,-0.08846226,-0.022010328,0.015883945,0.012577584,-0.020816185,0.012758553,0.042332783,-0.031660058,-0.13607499,0.023870584
Diner,0.07293201,-0.022058807,-0.01712608,-0.1143788,0.014929391,0.1436576,-0.05205722,-0.016344205,-0.029930009,0.05330292,-0.022373427,-0.10237642,-0.048636414,-0.012956459,-0.056870118,0.052299365,0.14952035,0.006814599,0.040760748,0.064439
Bridal Shop,-0.017708797,0.00065348856,0.0038506996,0.058712408,-0.02774939,0.047200583,-0.021699881,-0.06279182,-0.016950583,-0.058114894,0.07429294,-0.042742915,0.01770395,0.0034880927,-0.047801144,0.023205888,0.008623162,-0.0062734913,0.0030009302,0.0045254123
Dog Run,-0.04111128,0.04567552,-0.08908725,0.008621531,-0.07796696,-0.05741269,0.032720037,-0.030335627,0.07917881,0.059709635,0.0007890677,0.013154216,0.13616472,0.032071244,-0.0095133055,0.009126299,-0.05896325,0.07474579,-0.022180868,-0.02618648
Women's Store,-0.08947325,0.033537794,-0.015095948,0.05610265,0.016989073,0.012774697,-0.035532095,-0.13592708,0.048418052,-0.01648308,0.030470666,-0.02181536,-0.031128654,-0.0070930067,-0.009742371,-0.016860634,-0.027604643,-0.031510547,0.037876144,0.030921813
Harbor / Marina,0.022281647,-0.0063718427,-0.012457079,-0.065981075,-0.007511804,-0.042971745,0.031966254,0.023568125,0.07190428,0.065287694,0.008113381,-0.0392715,0.1349745,0.00843003,-0.03149645,-0.007257364,-0.018387614,0.0967792,0.033312682,-0.064099066
Australian Restaurant,-0.030862693,-0.006975387,0.018084653,-0.019423772,-0.056186434,0.040424246,-0.041302677,-0.023127861,-0.027385771,-0.06869011,0.09865077,-0.05334949,0.02461166,0.037814315,-0.046870388,0.07551032,0.05888883,0.027231764,0.004356527,0.027547024
Record Shop,-0.05610752,0.07499667,-0.02204307,0.049173847,0.043378808,0.012545273,-0.06953524,-0.10597947,0.04617097,0.03443584,0.017777668,-0.009388264,-0.036984995,-0.020907335,0.052720957,-0.024900042,-0.080875844,-0.0613473,0.018637758,0.009235483
Sports Bar,-0.04145843,0.02089253,-0.07492137,-0.07055959,0.011755094,-0.057812147,0.0016626511,0.03623066,-0.013523877,0.02294545,0.07000242,0.024869211,-0.04132998,-0.0713087,-0.0099313725,0.03889049,-0.0091961175,0.07305109,0.033352006,-0.019652445
Motel,0.016801134,0.0648104,0.010189832,-0.02841094,-0.051416926,-0.05505584,-0.051254958,-0.023084084,0.042845193,0.044053867,0.048390266,-0.05881693,-0.0035036574,0.016712984,-0.086504966,-0.021356532,0.0050575202,-0.0066459165,-0.069833964,0.01607179
Island,-0.0044034556,0.0036717593,0.018252812,0.020035574,-0.06603118,-0.00933372,0.019117385,-0.0137526505,0.07101586,0.03913318,0.059010316,-0.041095242,0.13592942,0.04335198,-0.05778995,0.008658186,-0.034778547,0.02609847,-0.0075045163,-0.0510137
Pub,-0.03592228,0.062097948,-0.031345483,-0.046254765,0.058145955,-0.11544012,-0.014266343,0.08270198,-0.036720317,0.054310195,0.06501047,0.02201834,7.482525e-05,-0.02642721,0.013944906,0.010242698,-0.016521221,0.047290295,-0.0004793778,-0.05054167
Pier,-0.11301713,0.082169294,-0.09694954,-0.0197416,-0.07684129,-0.08310739,0.0058691623,-0.00070031825,-0.014535387,-0.016511403,0.024434598,-0.009000145,0.044177182,-0.024521394,-0.08303106,0.016319517,0.05649084,0.02441265,-0.08940636,0.033072196
Restaurant,0.08612195,-0.042978235,0.014984302,-0.10074431,0.041862324,0.12592696,-0.028816186,-0.0045312643,-0.015612515,0.031929567,-0.035460584,-0.07634641,-0.022195727,-0.0051697497,-0.033751808,0.027843334,0.10517244,-0.0040933136,0.050158665,0.05284757
Police Station,-0.023529539,-0.007296959,-0.072222896,0.027121656,-0.018730452,0.0133672,0.1201691,-0.06545429,-0.0051652454,0.07002416,-0.05755371,0.009700498,0.058018997,-0.028542608,-0.039909344,0.086071156,0.038285945,0.0047886474,0.042341672,-0.035380438
Winery,-0.00643673,-0.02994899,-0.012378014,0.008798467,-0.09213702,0.050588027,0.039067946,-0.03567384,-0.01308486,-0.041538715,-0.008160111,0.012634987,0.012940336,-0.044518817,-0.03437226,0.06864399,0.014945086,0.033806704,0.03552811,0.0010993769
Indie Theater,0.020769957,-0.021864457,0.06467493,0.05573544,-0.030491604,0.033609197,0.031126399,0.024803583,-0.0134921465,-0.04315594,0.067144156,-0.03908204,0.037366007,0.02349105,-0.026031202,0.022332057,0.046830308,-0.06758047,0.0024290625,-0.02972064
Zoo,-0.016798927,-0.00851176,0.025179835,0.051241703,0.10132539,0.04135949,0.0412107,0.005902085,-0.110468015,-0.061930675,0.029116472,-0.06077674,-0.0041463114,0.013040518,0.031383082,0.04426654,0.09310327,-0.04019051,0.01815885,-0.012831159
Butcher,-0.014755633,-0.01122606,-0.02618149,0.032800186,0.0016487278,0.026001146,0.0030411398,-0.07384971,0.0057225,0.046314158,0.035642736,-0.08796181,0.007708302,0.002238038,-0.07564335,-0.0144231655,-0.032192476,0.009938781,-0.020751737,-0.030226227
Moving Target,-0.04261468,0.05768674,-0.050722644,0.074108265,0.016141634,-0.025654757,-0.06969207,-0.032582596,-0.074901156,-0.0031919973,-0.01649649,-0.061285328,0.011499708,0.033193845,-0.07197467,0.03005902,0.13505566,-0.04990422,-0.11900613,0.052156277
Korean Restaurant,0.03654804,-0.03796692,0.011282149,-0.063296095,-0.06679179,0.09078706,-0.0020059096,-0.0049328776,0.012274299,0.01048999,-0.0049701105,-0.050106928,0.054997355,0.01915706,-0.11768077,0.073305644,0.108381644,-0.017916134,0.01865225,0.02435542
Travel & Transport,-0.07034906,0.08392154,-0.031007651,0.0050539738,-0.020114193,-0.11636117,0.020902412,0.027852774,-0.028987942,-0.029338978,-0.036185507,0.044414107,0.003735078,0.0478823,-0.016175676,-0.05287122,0.056807928,-0.04301225,-0.07908405,0.028828029
Sake Bar,-0.020118441,0.052464478,-0.010269852,-0.056937046,0.0969173,-0.13395216,-0.02126304,0.12629023,-0.05898577,0.027339214,0.03293114,0.018576682,0.0011344338,-0.02057769,0.017071966,0.011112251,-0.02967408,0.0386605,-0.015123015,-0.061675567
Capitol Building,-0.034539107,-0.009421286,-0.02174899,0.03384062,-0.08170137,0.013698292,0.057772234,-0.041525044,0.018638063,0.0132575035,-0.007173389,-0.0037301555,0.06293298,-0.0025369413,-0.044727735,0.04674707,0.014698092,0.0007157298,0.020705432,-0.03694211
Japanese Restaurant,0.042235717,-0.055774413,-0.028395515,-0.10632147,0.027620334,0.04951061,0.021461943,0.019065222,-0.008543645,0.04956546,-0.022844959,-0.05079019,0.024851603,-0.018869938,-0.10119459,0.030214492,0.09207533,-0.0009806608,0.020221278,-0.0031050453
Tapas Restaurant,0.016575163,0.012679368,0.013636848,0.012849444,-0.09336594,0.06703234,-0.03129318,-0.04206579,0.01929339,0.024577107,0.07156037,-0.0313643,0.006294312,0.00041049533,-0.06938051,0.03886855,0.035067376,0.010355841,0.0020293603,0.03585594
General Travel,-0.088772535,0.10271712,-0.084024005,0.020614706,-0.018457983,-0.08781436,-0.014079852,0.012782142,-0.038743638,-0.0048281,-0.0058538215,0.030725002,0.02118444,0.05656627,-0.042931646,-0.016171822,0.09975638,-0.036910884,-0.09365393,0.00563306
Ice Cream Shop,0.059773166,-0.025705155,0.04685018,0.0056623984,-0.027392529,0.06439592,-0.048954606,0.03773904,-0.11007942,-0.05749263,0.02098986,-0.044063102,0.021990228,0.048290268,-0.0888854,0.059044167,0.10478875,-0.12731834,-0.031400744,0.028424997
Dive Bar,-0.041977357,0.056824178,-0.04666142,-0.038656164,-0.020516556,-0.054080095,0.0061989967,0.0119904615,-0.0007156208,0.0494489,0.02219829,-0.016714813,0.02561625,-0.042396627,-0.041278556,0.045457345,0.005035567,0.08074048,0.025507653,-0.018366558
Burger Joint,0.11780475,0.017491158,0.057342943,-0.07160905,0.047637325,0.10834953,-0.060568836,0.03539817,-0.03246288,0.016295074,-0.0021193288,-0.032232735,-0.01601012,-5.42379e-05,0.043792058,0.07099158,0.05890854,-0.012974951,0.030053692,0.053508587
Airport Lounge,-0.030802043,0.020233426,-0.05520994,-0.022946525,0.013226774,-0.10249966,0.020324606,0.004857393,0.049526,0.05213438,-0.061835967,0.006537879,0.024171837,-0.018815495,-0.072156325,0.012576522,0.043845277,0.046763945,-0.034779377,0.020541074
Noodle House,0.047222022,-0.13242477,-0.020014117,-0.11894071,0.056903422,0.021068253,0.03937687,0.020491205,-0.0022132238,0.01382521,-0.055174816,0.009632245,0.018941289,-0.042952392,-0.087859586,0.05466864,0.081652775,-0.007951051,0.04137278,-0.011926393
Trail,-0.0075516226,0.006337439,-0.046509266,-0.05060015,-0.023387495,-0.07763943,0.014373684,0.027251225,0.062020846,0.04957527,0.006975385,-0.027831173,0.1337291,-0.0024324493,-0.003372646,0.014526922,-0.038762525,0.07574029,0.0403449,-0.06483817
Jewelry Store,-0.037667125,0.017227896,-0.04531436,0.078287244,0.031666704,0.035486624,-0.032006517,-0.120384455,-0.006092195,0.046040587,0.018194208,-0.055530004,-0.02165534,0.01123628,-0.07634037,0.00049874745,-0.0062230155,-0.045910858,-0.030768584,-0.004926412
Sushi Restaurant,0.03894285,0.001006525,-0.009373927,-0.090637915,0.006751108,0.06472933,-0.018627837,0.0115475515,-0.029081404,0.034770172,-0.0033522258,-0.09227019,0.016573764,-0.03220577,-0.098347805,0.060643256,0.12537201,-0.0052415086,0.001998526,0.032137465
Stadium,-0.06477606,0.031692095,-0.017168473,0.098732315,0.04684813,0.009446404,0.017756393,-0.022160243,-0.12629816,-0.019069232,0.06058637,0.00010457635,-0.001197096,-0.0045064352,-0.01397451,0.059378974,-0.010728806,-0.03031405,-0.03230709,-0.042796053
Caribbean Restaurant,-0.00036951527,-0.04215767,0.04834968,0.020113636,-0.070997775,0.079307355,0.004156125,-0.014710005,-0.029421488,-0.14418136,0.0876692,-0.010977646,0.05262547,0.057619285,-0.027796645,0.026729189,0.049015824,-0.034748077,0.031949185,0.025906846
Vietnamese Restaurant,-0.0033520386,-0.027737252,0.021042615,-0.031076645,-0.06741809,0.0698874,-0.016052712,-0.048533205,0.01778186,-0.020711368,0.028977014,-0.03573396,0.013283604,0.022828378,-0.09135924,0.035486516,0.045769475,0.0009590988,0.000465489,0.02893337
Monument / Landmark,-0.018526515,-0.041810744,-0.053977434,0.023416687,0.02765501,0.060113423,0.10326266,-0.057542127,-0.027450638,0.035636418,-0.11123684,0.04884973,0.017892314,-0.05520443,-0.0057575535,0.04150325,0.04123774,-0.015800014,0.116560526,-0.03839719
Soccer Stadium,-0.014124986,0.043178305,-0.007660963,0.06563195,0.097364396,-0.008349107,-0.03426837,0.003706066,-0.16106269,0.014125271,0.03844944,0.026393741,-0.034530986,-0.017759832,0.015697112,0.034861792,-0.047753047,-0.029998424,-0.0398864,-0.033478882
Funeral Home,-0.02088218,0.029352728,-0.0034093522,-0.032990158,-0.114596784,0.013174672,0.0048503317,-0.060736388,0.01659257,-0.030770093,0.025021698,-0.025203025,0.017847937,-0.021715067,-0.05620822,0.078125075,0.071887404,0.028221302,0.012288423,0.029912613
Internet Cafe,-0.037394714,0.01651697,-0.015534571,0.038854524,-0.03344335,0.023803253,-0.024679478,-0.09721507,0.02287178,-0.01980762,0.06865769,-0.04552308,-0.012680413,0.0027641526,-0.04218492,-0.012656353,-0.029965432,-0.011068201,0.0025387083,-0.0058859815
College Science Building,-0.0030213036,0.008736915,-0.019015718,0.04233147,-0.033654187,-0.0071009705,-0.015329381,-0.016356492,-0.007624544,0.0236722,-0.011814993,-0.059346534,0.04532998,0.0007510227,-0.06423919,0.026695924,0.04838556,0.018943127,-0.09874602,0.03657868
Design Studio,-0.011296559,-0.007864721,-0.03143619,0.016627533,-0.040819056,0.020687882,-0.0031339582,-0.060796656,0.0038838638,0.027555805,0.05070985,-0.046003956,0.017824434,-0.0072151064,-0.10853192,0.046708696,0.037335522,0.018485872,-0.012065038,-0.004351708
BBQ Joint,0.028703663,-0.0502166,-0.04614188,-0.05153659,-0.017148817,0.07227804,0.013095165,-0.0030113459,-0.0047306903,0.056347147,-0.005191597,-0.08038221,0.040426128,0.04271585,-0.13996422,0.064448774,0.16758646,-0.0068480726,0.025534254,0.035127733
Church,-0.0089775175,-0.014313724,-0.051123776,0.008965656,-0.036459856,0.00011321157,0.10245432,-0.07782538,0.0246279,0.095021,-0.06691387,-0.0059670806,0.030536612,0.02158138,-0.05023849,0.06793242,0.04916025,-0.0033802888,-0.006355448,-0.0022258796
Food Court,0.019573348,-0.0124320155,0.031223949,-0.021078013,-0.00011794362,0.12513816,-0.041030712,-0.009136805,-0.12142138,-0.029337369,0.022264848,-0.060998224,-0.040941007,-0.0410097,0.018153168,0.058847018,0.07103161,-0.030968238,0.013141261,0.0922495
Video Store,-0.01781847,0.026685355,-0.012181929,0.024747856,0.048742443,-0.0031993035,-0.043965414,-0.1486629,0.06679872,0.0924921,-0.032800995,-0.038029242,-0.045486644,-0.0012343959,-0.037366305,-0.01629154,-0.04923526,0.0013594776,0.0048317006,0.022870302
Dim Sum Restaurant,0.0046357037,0.0016824827,-0.03372908,-0.048709102,-0.064135306,0.0318491,-0.011908939,-0.0039275223,-0.01624136,0.0069426466,0.025045358,-0.05160283,0.009037685,0.026438612,-0.09201243,0.024180632,0.062215917,0.017720655,-0.0008676797,0.010692971
Casino,-0.035238743,0.00018677239,0.044838056,0.060128856,0.051005565,0.037518375,0.04936388,0.0044952845,-0.1150343,-0.05602927,0.049078975,-0.07323656,0.009331863,0.007784513,0.025327763,0.029516408,0.07327345,-0.035605814,0.0068056947,0.0041754246
Hospital,-0.07996603,0.07550642,-0.04079214,0.045449384,0.009294294,-0.015183088,-0.0073032416,-0.035421364,-0.024569668,0.02560085,-0.04563618,0.10927778,0.045733407,-0.042938784,-0.017339276,0.11946083,-0.02002243,-0.010608828,0.031897467,-0.04224532
Tea Room,0.00030492805,-0.0123221455,0.052698366,-0.009682465,-0.04079691,0.06660314,-0.027705744,0.017289307,-0.07968766,-0.07915951,0.069478944,0.0058308654,0.028135132,0.07638145,-0.0805479,0.014547242,0.08244946,-0.070874974,0.008360517,0.028194157
Nursery School,-0.033600375,-0.003280025,-0.046341132,0.057954058,-0.047188375,-0.026517909,0.08156664,-0.001455049,-0.03630197,-0.0027154312,-0.014606692,0.061226033,0.052385166,-0.0383166,-0.020061446,0.11120136,-0.0100499205,-0.028141312,-0.0015700406,-0.03479559
Skating Rink,-0.04980757,0.031886097,-0.019094517,-0.002210767,-0.08129837,-0.01508351,0.021318434,-0.02563586,0.044400305,-0.008757116,0.016013846,-0.013893731,0.082708836,-0.000995799,-0.021573562,0.036432214,-0.026775202,0.033741035,-0.028635837,-0.01788467
Wine Shop,-0.020044528,-0.04273043,-0.005874498,0.027787818,-0.037033625,0.0394658,0.004195904,-0.042311355,0.023204759,-1.3623387e-05,0.051494155,-0.06908849,0.014736523,-0.013116152,-0.08264531,-0.00023281388,0.010122547,0.023765242,0.0057142405,-0.015839757
Embassy / Consulate,-0.029055482,-0.019899212,-0.063992724,0.027006714,-0.03084189,0.007114401,0.0663906,-0.041532785,0.046494614,0.045381483,-0.0071628094,-0.012243945,0.055822685,-0.007675563,-0.09846342,0.040863596,0.006019155,0.014207252,0.014962038,-0.043085903
Flower Shop,-0.001631431,-0.0080391215,-0.00080519426,0.070457324,0.042039223,0.07057284,-0.047103815,-0.113231584,-0.024760084,0.024240792,0.057674896,-0.09358885,-0.02172083,0.016214501,-0.079761185,-0.0017177681,-0.013120308,-0.0086221285,-0.03896691,0.009274812
Gym,-0.111776404,0.06098682,-0.008686943,0.02369178,-0.008592218,-0.028423049,0.03291744,-0.03184364,0.009206966,-0.03143815,-0.03288962,0.03286682,0.11492614,-0.023764748,0.07260065,0.02275906,-0.091882296,0.027145505,0.019982142,-0.08902033
College Library,0.023367157,-0.0017607354,-0.03188121,0.08937231,0.007847416,0.0006693201,0.018504815,-0.024431335,0.020629078,0.076121226,-0.07983358,-0.045007005,0.042916305,-0.00978809,-0.056697063,0.02226338,0.007861503,0.0101699615,-0.123753145,0.0038355477
Nightclub,-0.06399281,0.09324445,-0.038506266,-0.04605834,0.032289494,-0.15270668,-0.03131587,0.075900815,-0.028158115,0.03953846,0.12879527,-0.005002916,0.014476885,-0.048841607,-0.014092868,0.042030558,-0.0007232521,0.06428033,0.009346985,-0.050205342
Cosmetics Shop,-0.048417725,0.05233704,-0.012724515,0.11951644,0.044862013,-0.015298223,-0.01474399,-0.058124855,-0.01873837,0.047921214,0.032376826,-0.02945843,0.029539514,0.007023397,-0.03586872,0.01541235,-0.034975775,-0.031992655,-0.024533013,-0.09776699
Soccer Field,-0.06482489,0.052905113,-0.009032794,0.015268001,-0.026120486,-0.04765033,0.051128015,-0.037133567,0.053413995,0.025570769,-0.031888798,0.01510266,0.11069059,-0.0053183762,0.01869686,0.026383115,-0.09833267,0.05523966,0.0021881186,-0.059286565
Music School,0.006858345,-0.010048959,-0.055175107,0.028449552,-0.04917501,-0.031426024,0.071573146,-0.031166125,0.027953528,0.098598175,-0.07309233,0.023291782,0.033147894,-0.035274103,-0.061905354,0.05043795,-0.0033364212,0.028451618,-0.031823386,-0.013329734
Board Shop,-0.03225363,-0.0064997035,-0.048764013,0.04382086,-0.026105236,0.029937161,-0.0058488064,-0.07192448,0.0105146095,-0.0067404695,0.029034218,-0.06526943,0.032090835,-0.037479326,-0.11449073,0.046773136,0.025016902,0.021382961,-0.020253278,-0.00017619552
Miscellaneous Shop,-0.028709937,-0.0011992841,-0.01999694,0.0574618,0.049328595,0.0646794,-0.021090543,-0.11485709,0.0314308,0.032688297,-0.06863764,-0.0043321513,-0.057871018,0.04092374,0.0018546376,-0.0663921,-0.017510768,-0.051599048,-0.007728051,0.021054318
Baseball Stadium,-0.10639412,0.05418809,-0.025114022,0.07298262,0.10796742,0.023208695,-0.0036490224,-0.059718817,-0.14775981,-0.0021272227,0.018600712,-0.0017012312,-0.022878757,0.012051646,0.013143346,0.05077825,0.01786236,0.006341163,0.003732007,-0.018977154
Dessert Shop,0.08544653,-0.00017348304,0.037419498,-0.028893173,0.023699714,0.06421761,-0.06334159,0.044906735,-0.10555725,-0.020695487,0.007434827,-0.064897165,0.022955151,0.007838303,-0.056238644,0.07045219,0.116557896,-0.10840722,-0.0123048285,0.031426787
Law School,-0.014983894,0.008055047,-0.024289202,0.10013389,-0.02825149,0.04572211,-0.015780037,-0.004062156,-0.033508625,0.00042417087,-0.0013459958,-0.07484022,0.037338637,0.0018696128,-0.09049147,0.039875243,0.05540074,-0.027376745,-0.09626232,0.01094904
Assisted Living,0.0071016625,0.04562252,-0.015675273,0.044471316,-0.012992699,0.04003438,-0.041575827,-0.047722142,-0.06397903,0.025322624,0.06124685,-0.045962427,-0.031244569,-0.02645301,-0.04358277,0.046596482,0.020954397,0.018931378,-0.0034400458,0.039174903
Hotel,-0.044307932,0.09878366,0.0008469941,-0.04185565,-0.020926083,-0.14774899,-0.019153051,0.008102732,0.020229645,0.028785506,-0.03828011,0.006185822,-0.012454748,0.02944136,-0.05714204,-0.043622732,0.020266265,-0.010136921,-0.088227585,0.035805114
Hostel,-0.043532785,0.04588625,-0.04037442,-0.02014985,-0.056942575,-0.068112895,-0.013925809,-0.009743283,0.010692364,-0.014546741,0.016001128,-0.028250705,0.037602983,0.0015463531,-0.08201279,4.8367307e-05,0.02505707,0.0063933143,-0.04438742,0.005411733
Kids Store,-0.049799517,-0.0040757023,-0.036399245,0.10013344,0.029218953,0.04812605,-0.0054802857,-0.07928462,0.0019123461,-0.009073943,0.03867706,-0.023463178,-0.0059028557,-0.021200333,-0.07160503,0.034999743,0.027786413,-0.029325325,-0.0050086537,-0.006720989
Gay Bar,-0.05486349,0.028664995,-0.040234674,-0.056555588,0.013719758,-0.066281304,-0.019767975,0.040580414,-0.018736327,0.011690825,0.113051325,0.029420765,-0.031606734,-0.026025347,0.0035838434,0.015554308,-0.021521734,0.05480556,0.015563419,-0.011074527
Pizza Place,-0.029253896,-0.014428827,0.018411841,0.019079067,-0.040169254,0.049537424,-0.026310448,-0.044566363,-0.089579076,-0.062264316,0.024684079,-0.033515595,-0.08768927,-0.01401666,-0.031196415,-0.006193556,0.09822616,-0.025077626,-0.0026651414,0.033696238
Plane,-0.03713672,0.005998943,-0.034015737,0.012536114,-0.062101576,-0.025698692,0.021085061,-0.014539014,0.04555151,-0.020816557,0.01677205,-0.044236723,0.03978638,0.0069520897,-0.12854968,0.012420116,0.060714774,0.01513433,-0.043519575,0.020573936
Wings Joint,0.052076273,-0.0035919547,0.042394526,-0.04325307,-0.040338967,0.11181539,-0.058614217,0.028932754,-0.052017387,-0.00010263268,-0.01071169,-0.051480696,0.033093132,0.06398621,-0.106725715,0.07896213,0.12361181,-0.08759574,-0.018595953,0.08597137
American Restaurant,0.06810209,0.010342288,0.06167568,-0.032449536,0.0014363052,0.10044809,-0.08047106,0.024542902,-0.10309,-0.039071452,0.008995016,-0.053862102,-0.030203259,0.013710851,-0.03380854,0.052433066,0.09431291,-0.08096511,-0.004693582,0.08627393
Sculpture Garden,-0.012560666,0.021555513,-0.035554226,-0.023826685,-0.04668227,-0.08076666,0.02491976,0.004542203,0.11251576,0.06904678,0.025788892,-0.015269178,0.14793272,0.013375502,-0.021276144,0.01798028,-0.055510446,0.08355242,0.018317888,-0.06375858
Cafeteria,-0.031145472,-0.024127599,0.023504049,0.038938787,-0.05534535,0.08646795,-0.034897793,-0.06791279,-0.0026646554,-0.049565442,0.035433114,-0.05957952,-0.009391831,0.020582283,-0.049006555,-0.0017716289,0.06950515,-0.042994823,-0.013122629,0.049566932
Spa,-0.01364743,0.013752736,-0.002503201,0.0740971,0.139481,0.064573,-0.047550555,-0.0791368,-0.040096007,0.04444781,0.0007459577,-0.068683505,-0.04238572,0.013828119,-0.05282821,-0.018469572,0.018791595,-0.053455867,-0.026402736,-0.00017624348
New American Restaurant,0.021684349,-0.064205505,0.018018857,-0.002968613,-0.056008715,0.083546184,-0.0054648146,-0.013363643,-0.032717556,-0.05712124,0.032315023,-0.06891875,-0.034181423,-0.026087109,-0.09098083,0.012273792,0.056611165,-0.0080934875,0.023740407,0.020467158
Gym / Fitness Center,-0.11013254,0.058074363,-0.002975888,0.021426588,-0.030348495,-0.025166955,0.040215712,-0.034671128,0.01708696,-0.036499478,-0.01942059,0.02607038,0.1244826,-0.02195404,0.063333884,0.02203511,-0.08105925,0.030781433,0.021998277,-0.08208297
College Academic Building,0.03995986,0.0005992551,-0.0023624822,0.058693774,0.03705965,-0.011752031,-0.006962656,0.001445661,0.011297105,0.08101395,-0.08617078,-0.05003,0.014821607,0.0035736635,-0.040965416,-0.010627056,0.019744067,0.0018938035,-0.12535837,0.033209026
Clothing Store,-0.0857335,0.05322456,-0.012635071,0.10099905,0.06293753,0.011588173,-0.024511887,-0.1301901,0.03935129,0.035039127,0.0056217406,-0.020474456,-0.02260288,0.015443205,-0.028924344,-0.013636712,-0.028102066,-0.06509678,0.0032035115,-0.006437975
Playground,-0.009906429,0.052300904,0.0026571807,-0.021083534,0.029734807,-0.09578221,-0.021174066,-0.01642148,0.14322796,0.07852454,-0.020216823,-0.061267305,0.07329342,-0.031295728,0.023699507,-0.00944927,-0.097326994,0.10972172,-0.0060269292,-0.025675043
Brazilian Restaurant,-0.025467409,-0.0051168115,-0.033028465,0.019849457,-0.1357472,0.03182313,-0.002947288,-0.05089885,0.029446453,-0.050854858,0.08654772,-0.03501247,0.049264614,-0.018025102,-0.078093916,0.054800853,0.0014227219,0.06922152,0.009749956,-0.022221904
Antique Shop,0.0036208497,-0.005006042,0.02860278,0.054334402,-0.03287147,0.046256445,-0.01926165,-0.064981505,-0.014204036,-0.031791195,0.077401526,-0.06693847,0.01450417,0.0021399916,-0.06906288,0.02896436,0.038669232,-0.023102317,0.008348241,-0.0037975288
Airport Gate,-0.041004397,0.045606136,-0.04434126,0.0084092915,0.04172366,-0.11720307,0.028496236,-0.020706153,0.07503125,0.05979588,-0.081726976,-0.009735398,0.04407759,-0.009809186,-0.06654285,0.012171814,0.010537924,0.049276676,-0.052784402,0.0070258677
Beach,-0.022505935,0.03895522,-0.058685973,-0.031012855,-0.031636998,-0.07453904,0.054705597,-0.0012549662,0.103545964,0.078226715,-0.01343145,0.019747145,0.13347828,-0.01467328,0.0019841176,0.008682859,-0.05629967,0.083552524,0.03637127,-0.042604253
Shrine,-0.081340015,0.079124525,-0.011280556,-0.010584984,-0.0077533163,-0.024319148,0.006367907,-0.10770905,0.0047561033,0.022091327,-0.10048197,0.019016664,0.0049738744,0.015349773,0.020788899,0.07669559,0.030469494,-0.0072414894,0.02684009,0.049517624
Middle Eastern Restaurant,-0.0011925697,0.01700985,-3.2268465e-05,-0.010838479,-0.090133086,0.04947946,-0.0518447,-0.051555727,-0.0005101338,-0.010136891,0.05520037,-0.09419064,0.014710986,0.0041824025,-0.09304804,0.062112626,0.056388732,0.010624763,-0.008891258,0.048802793
Bridge,0.054209832,-0.03436003,-0.020447453,-0.039858036,0.057558864,-0.037509277,0.028079536,-0.0029302945,0.089190185,0.10606309,-0.061874527,-0.052038252,0.09390671,0.0019101549,-0.04288298,-0.026877636,-0.033166945,0.04714247,-0.0017925873,-0.04503391
Nightlife Spot,-0.061918974,0.07232536,-0.064867355,-0.09979551,0.020294938,-0.14052838,-0.025010407,0.101826675,-0.04306326,0.0052025253,0.18316437,0.046516117,-0.023099361,-0.06445745,0.01858332,0.047711395,-0.036698356,0.098613426,0.0151542695,-0.037928507
Financial or Legal Service,-0.0094230715,-0.002533687,0.033203673,0.07672194,-0.020181697,0.04238986,-0.03735777,-0.08630179,-0.020232076,-0.017252628,0.07152651,-0.057745133,0.016968595,0.011510169,-0.073305055,0.0214846,0.034537755,-0.017358283,-0.049292713,0.0029833624
Bus Station,-0.036302123,0.05373779,-0.00750954,0.02193294,0.046916615,-0.056540024,-0.007928433,-0.013333321,0.004480404,0.06255851,-0.100081444,0.00203125,-0.026280489,0.102048926,-0.018567951,-0.07614548,0.06246399,-0.046432193,-0.06529087,0.046565995
College Engineering Building,0.0077261757,0.018316872,-0.009167146,0.049761713,0.00490289,-0.012012335,-0.004645068,-0.015830262,0.015592783,0.07232022,-0.05335134,-0.049329203,0.031745557,0.019896863,-0.052462384,0.0020896979,0.049808767,0.009371432,-0.10145203,0.037397984
Elementary School,-0.028041035,0.008628566,-0.070862055,0.062845215,-0.06246426,-0.008138593,0.107148096,-0.03519971,-0.042389825,0.04773752,-0.047501296,0.050396774,0.073810905,-0.067085,-0.043331604,0.12882426,0.0151953865,-0.036761153,0.002125947,-0.03398462
Car Wash,-0.028700227,0.014468023,-0.034367103,0.025359752,-0.02930129,0.03362204,-0.020663727,-0.09188277,-0.01636968,-0.036004424,0.07149488,-0.05100845,0.011512216,0.0018910544,-0.07213384,0.012647369,-0.0030433638,0.005358911,0.0134917395,-0.018118959
College Residence Hall,-0.009212534,-0.012876339,-0.043344107,0.056572597,-0.07630104,0.030291682,-0.004987271,0.026173884,-0.03254456,-0.052199785,0.007695269,-0.02606757,0.04489094,-0.0027625165,-0.067733556,0.0141650075,0.07068253,-0.021491142,-0.0893219,0.036560833
Bed & Breakfast,-0.0036505088,0.045779727,0.010537426,0.0036246553,-0.07035337,-0.067448854,-0.0073725684,-0.055200994,0.047224633,0.044713214,-0.012638182,-0.059154987,0.01903898,0.013412754,-0.09450996,-0.03170686,-0.010946244,-0.012440106,-0.05868887,0.00056892633
Cafe,0.09048194,0.015058024,0.07189068,-0.011094717,0.085914314,-0.0013367869,-0.032385077,0.06272956,-0.07474285,-0.042183768,-0.0045101736,-0.023935262,0.08237634,0.051488828,-0.06072367,0.014964294,0.064211704,-0.11533603,-0.07281081,-0.033575222
Men's Store,-0.06677331,0.037692435,-0.011680566,0.065747984,0.02676265,0.01474824,-0.028359704,-0.1365644,0.019333826,0.016113056,0.038678817,-0.042982306,-0.019483946,0.0042339647,-0.053817287,-0.0038458244,-0.011362805,-0.034043893,-0.009515436,0.005942649
Radio Station,-0.050636876,-0.00040365476,0.029030105,0.06786047,-0.10610217,0.055829607,0.07553295,-0.06126182,-0.06354985,-0.017594015,-0.03976907,0.029473998,0.07383202,-0.041323707,-0.014398573,0.04797921,-0.0027235039,-0.08311924,-0.009714203,-0.03894818
Art Gallery,-0.024578515,-0.076830044,0.022777587,0.07126041,0.102512,0.017874144,0.075566724,0.018808404,-0.04513269,0.0002675876,0.005066489,0.00032079034,0.051907323,0.018943805,0.015841387,-0.04921724,-0.011196405,-0.11164817,0.0032261242,-0.1013371
Airport Terminal,-0.010997869,0.03484884,-0.004049251,-0.023859931,0.055063624,-0.1373663,0.01770673,0.014687042,0.031825535,0.042644348,-0.09346737,-0.011387295,0.0030587884,0.008434832,-0.031619247,-0.03981006,0.057847224,0.017494384,-0.052756865,0.03407018
Electronics Store,0.07095439,-0.018692648,0.027178096,0.040443495,0.04399391,0.053110704,-0.093610875,-0.07106341,0.028548302,0.06359272,0.038979623,-0.017756287,-0.05826977,0.027736295,0.0037256647,-0.0234515,-0.10759556,-0.049383946,0.007472385,-0.020612897
Music Store,-0.020060245,0.07381082,0.009516819,0.010361053,0.037074964,-0.015781088,-0.056727722,-0.058705956,0.036998194,0.06225007,0.04269106,-0.06791961,-0.01478033,-0.016602464,-0.020422153,0.0206258,-0.046585865,0.054512206,-0.020760147,-0.010757433
Boat or Ferry,-0.08350067,0.08995892,-0.011304189,0.041854434,-0.06063237,-0.10215703,0.09215993,-0.023057576,0.011640856,0.03268008,-0.03139945,-0.0067947134,0.08727365,0.064536236,-0.04467497,0.00090050884,0.021534577,-0.011035055,-0.08887409,-0.01007921
Taxi,-0.06477231,0.03371056,-0.045745082,0.0077684866,-0.099093914,-0.031618588,0.05244038,0.0015668841,0.023272783,-0.020974915,0.05126641,-0.028885067,0.09958664,0.005637396,-0.043026358,0.021419602,-8.513592e-05,0.031805307,-0.009886939,-0.051668752
Bookstore,-0.002357782,0.01701493,-0.0038283058,0.009101016,0.033501737,0.026496861,-0.029153507,-0.12315638,0.08075706,0.03927055,-0.022329401,-0.0043253005,-0.06107373,-0.012038593,0.013133304,-0.049781132,-0.057749197,-0.01451829,-0.0033360084,0.04010913
Veterinarian,-0.030706078,0.022212256,-0.047483295,0.08206344,-0.045917228,0.0055461247,0.030714367,-0.036918443,0.00063170865,0.04443288,-0.01116607,0.053231023,0.08264291,-0.013095137,-0.056521732,0.12201092,-0.010174813,-0.027125943,-0.003025256,-0.038148228
Travel Agency,-0.009723771,0.013261481,-0.012984218,0.01851726,-0.021525737,0.01060833,-0.048275813,-0.056282453,0.00085543515,-0.020898484,0.11945633,-0.055011205,0.0021477696,-0.03377137,-0.03317051,0.030478401,-0.0055688396,0.027708964,0.0355565,-0.026295785
Mexican Restaurant,0.007974688,-0.05517344,-0.051376704,-0.0030252226,-0.081070036,0.053448442,0.0062977886,-0.042481624,0.0036336444,-0.06592988,0.08217578,-0.091241375,0.009976949,-0.048438665,-0.105538025,0.066293225,0.042569682,0.008472137,0.040765088,-0.00541855
City,0.025833279,0.002489719,0.0012967847,-0.04110522,-0.042151835,-0.043808833,-0.017219085,0.0052509857,0.1130847,0.06331779,0.032152314,-0.05600182,0.08174546,0.032917242,-0.028100658,-0.0005852524,-0.024555784,0.06751534,0.029740376,-0.016083814
College Administrative Building,0.013810825,0.010405143,-0.062395588,0.11494717,-0.029504009,0.04087846,-0.00907169,-0.006160552,-0.03464164,0.034288943,-0.05463211,-0.039415885,0.02504904,-0.030019283,-0.046482597,0.03850376,0.012248908,-0.00915589,-0.1417578,0.0503998
Courthouse,-0.039952964,-0.018842015,-0.06270824,0.052707713,-0.051756617,0.015460571,0.07173654,-0.0544955,0.008818304,0.054953128,-0.029760592,0.0036840457,0.049996078,-0.0473924,-0.05455737,0.06769165,0.009489596,-0.01596115,0.026081864,-0.03983855
Soup Place,0.015409216,0.06972589,0.052050535,0.05317279,0.017502554,0.019785168,-0.1214632,0.025034867,-0.08449416,-0.026370436,0.02077014,-0.03727485,0.0030102748,0.062352784,-0.06485531,0.05823262,0.11151371,-0.1318881,-0.05434802,-0.017050708
Nail Salon,-0.01511213,-0.009567584,-0.008854463,0.049707912,-0.037010826,0.028483376,0.009084139,-0.04732055,0.03331788,0.002570929,0.08211493,-0.0423199,0.022635434,-0.02202535,-0.062144764,0.029289264,-0.014765631,0.013701054,0.012880025,-0.050030194
Turkish Restaurant,-0.018806672,-0.044762023,-0.045574456,-0.01926705,-0.15929104,0.034586437,0.014357821,-0.018298857,-0.027285693,-0.08943323,0.06750208,-0.058625713,0.061305076,-0.031219125,-0.07751544,0.0684202,0.03501276,0.03854116,0.015860334,2.6771799e-05
Community College,0.042226963,0.016331386,0.023137571,0.091982976,0.041410483,-0.015005541,-0.0384482,0.03758451,-0.11072384,0.008890441,-0.026110638,-0.023879312,0.000772601,-0.0127056455,-0.0025056656,0.012105015,-0.012877557,-0.040933914,-0.15246227,0.0045991195
Farmers Market,-0.030172259,-0.029348899,-0.010819517,0.051641423,0.040590852,0.03236962,0.001761456,-0.058077708,-0.034126505,0.030602712,0.025373768,-0.073307075,-0.000524297,0.015848711,-0.088017866,-0.016010832,0.003165992,-0.031171396,-0.016498316,-0.01645862
Lighthouse,-0.011304213,0.010587808,-0.0031942977,0.0004538428,-0.085724816,-0.010534044,-0.0099136485,-0.056935657,0.11059362,0.019802753,0.062255282,-0.04436101,0.07953178,0.004648577,-0.07722192,-0.024342818,-0.06904172,0.024510453,-0.019366227,-0.024894904
Arts & Entertainment,-0.07278461,0.00057598075,0.016473588,0.09803712,0.083227955,0.020861415,0.08121576,0.0053121145,-0.11195505,-0.054674033,0.040706355,-0.045131814,0.017522011,0.038824156,0.059810784,-0.0059695384,0.026067955,-0.047266155,0.01723979,-0.041553937
Golf Course,-0.054348074,0.0631538,-0.011995743,0.015241553,-0.01657453,-0.048477724,0.060380664,-0.025570262,0.05777949,0.036239766,-0.029562436,-0.0019894666,0.10465747,-0.008107536,0.015022971,0.01593812,-0.11633937,0.058233917,-0.007935759,-0.053092692
Hardware Store,-0.0014163811,-0.015518155,-0.033010766,0.04267037,0.03968335,0.07719147,-0.054105163,-0.08705969,-0.051787242,0.07354171,0.027496666,-0.09377429,-0.03878268,-0.023479821,-0.06949341,-0.018659417,-0.023305912,-0.02784846,-0.025586432,-0.020793373
Parking,-0.02303813,0.051662114,-0.004139792,0.022849748,0.032350063,-0.045450695,0.030368956,-0.052790463,0.054843586,0.06738668,-0.076741315,0.051564995,0.020144908,-0.026864238,-0.0054598236,0.115820214,-0.023070706,-0.0027719196,-0.0041968375,-0.013125552
Arts & Crafts Store,-0.06164359,0.028413834,-0.019912604,0.06580173,0.030030027,0.013626762,-0.03482785,-0.12747529,-0.01469465,0.02328526,0.04917781,-0.06583521,-0.017073106,0.015755853,-0.05343221,-0.03645432,-0.038380925,-0.034582227,0.0035855966,-0.014588346
Yoga Studio,-0.10276516,0.045666624,-0.015838224,0.021917226,-0.050716817,-0.010601347,0.044768486,-0.037654944,0.013311651,-0.049404133,-0.012040067,0.03880503,0.10268944,-0.034187756,0.06092997,0.021707369,-0.05168621,0.01517133,0.03509921,-0.06218379
Bus Line,-0.04483968,0.06442911,0.0060398336,0.04798097,0.028038362,-0.06281848,-0.022856433,-0.005702857,-0.020353867,0.038890984,-0.047584236,-0.00979219,0.004772572,0.09784985,-0.040236622,-0.028522192,0.0650139,-0.04177529,-0.09668358,0.020708922
Plaza,0.014657905,0.02282827,0.010440233,-0.056040686,0.04716249,-0.07948581,-0.020750836,0.04137378,0.058418434,0.04458166,0.027277287,-0.030669527,0.10931978,0.01394727,0.0049111806,0.004703501,-0.040489867,0.057785325,0.016605396,-0.06666377
Track,-0.06750017,0.052760545,0.0046371934,0.00985495,-0.06963839,-0.031857118,0.01351512,-0.04393401,0.045044795,0.0034785755,-0.0025083842,-0.0034572333,0.117473274,0.0036377423,0.013765842,0.026152346,-0.044774596,0.037841607,-0.007954584,-0.04663503
Non-Profit,-0.0036575124,-0.003684383,0.01767515,0.014864594,-0.12346527,0.008679628,0.05398114,-0.03040564,0.072712794,0.0066768825,0.018754613,0.005121615,0.04101269,-0.05852011,-0.03725155,0.044040605,-0.019686611,0.029712128,0.026724495,-0.05092135
Shop & Service,-0.0048486553,-0.0028378079,-0.0036459574,0.06644566,0.026458535,0.06028021,-0.04811245,-0.10750691,0.006883175,0.03207433,0.03820471,-0.05794763,-0.034410544,0.008200631,-0.052173547,-0.016323552,-0.03667909,-0.031122644,-0.0061336854,-0.010510989
General Entertainment,-0.1178442,0.03204834,0.028514322,0.06945197,0.053443976,-0.0104108425,0.057447672,-0.009554089,-0.03682863,-0.04979852,0.026179574,-0.018884508,0.04070043,0.020497084,0.088749126,-0.018849768,-0.04657636,-0.0062647816,0.031457987,-0.041096665
Fair,-0.023705233,-0.017555077,0.040636703,-0.022782976,-0.08451486,0.05836851,0.025344748,-0.07225078,-0.009360464,-0.055774964,-0.035195097,0.018406048,0.00548309,-0.112560704,-0.005255733,0.03835596,0.039348148,0.06581146,0.06277856,0.06148259
Post Office,-0.027045596,-0.049690478,-0.015560387,0.056574836,0.025051475,0.0145499185,0.14240704,-0.014727537,-0.058164775,0.014246949,-0.068641864,0.044540036,0.03461436,-0.09257983,-0.012711502,0.06597325,-0.0005996539,-0.08274732,0.051031165,-0.068710156
Medical Center,-0.06470275,0.04065997,-0.037888214,0.052207306,-0.04459142,0.002788945,0.026691377,-0.039847042,-0.02039882,0.027620541,-0.03665266,0.09120426,0.061319564,-0.047629125,-0.031015899,0.13024572,-0.015735144,-0.010649928,0.047746405,-0.047107376
Military Base,-0.02837374,0.020985758,-0.04787091,0.033110227,-0.024609014,-0.027718354,0.082331985,-0.06962794,0.048886664,0.08857231,-0.085027054,0.027545953,0.016420634,-0.008948276,-0.03726622,0.07521324,0.0013586499,0.030617882,-0.03402637,-0.0127057005
College Communications Building,0.027158134,0.019525673,-0.0009195866,0.054537974,-0.01862364,-0.0007021106,-0.028816422,0.0063351523,-0.017135423,0.03005663,-0.026645996,-0.059243094,0.016294282,0.0018907823,-0.04675264,0.016161103,0.058726992,-0.016996585,-0.100879245,0.025775114
Tourist Information Center,-0.033149704,-0.011317275,-0.04677324,0.047230057,-0.06596104,-0.008944996,0.036948934,-0.02198464,-0.014277096,-0.04409521,0.022367325,-0.05028735,0.035761096,0.003509421,-0.06384058,0.002097888,0.06291417,0.022276836,-0.031074334,0.022800092
College Gym,-0.00025148783,0.029439697,-0.034344643,0.09708821,0.018409058,-0.008883257,-0.005200644,0.011375714,-0.07470097,0.033592306,-0.058695067,-0.025774036,0.030596966,-0.0077901026,-0.046468735,0.03189619,0.034894254,-0.005508668,-0.13532966,0.038148675
Government Building,-0.038254634,-0.013663314,-0.07017012,0.051111616,-0.014556479,0.02109751,0.11905778,-0.073576085,-0.009346192,0.068136364,-0.08372426,0.04214684,0.053847007,-0.032469112,-0.027270123,0.086311854,0.01893424,-0.021339191,0.06481451,-0.058554336
Theater,-0.041782726,0.030749056,0.075339615,0.11613017,0.042539634,-0.017660493,0.0804154,0.013478093,-0.03991333,-0.014044,0.030242996,-0.0044702357,0.055392392,0.067530915,0.048277896,0.0026340242,0.0022557843,-0.12316877,0.015952295,-0.047037117
Vegetarian / Vegan Restaurant,-0.0343898,0.04134652,0.015034886,0.01792404,-0.044454694,0.05208542,-0.008249046,-0.050231896,-0.010340964,-0.06499791,0.10353866,-0.055698,0.045847025,0.0066745672,-0.059053265,0.054585613,0.072488785,-0.024465116,0.014427036,-0.017105063
Candy Store,-0.023567256,0.033674356,-0.020057235,0.05316312,-0.01270716,0.017325364,-0.021991698,-0.09505503,-0.0017603254,0.01215571,0.06739507,-0.04849166,0.010730149,0.012178059,-0.095991425,0.015780078,-0.039688103,-0.03465051,-0.05822283,-0.048084453
Hot Dog Joint,-0.017029583,0.063294254,0.020986924,0.0017630011,-0.01668575,0.047150925,-0.030470176,-0.017436266,-0.038628403,0.0015685996,0.07406418,-0.05688408,0.027916698,0.014557371,-0.08560858,0.078438625,0.08040851,-0.0205779,-0.024233026,0.039462097
Cemetery,0.0010616288,0.015552504,-0.025504418,-0.049232528,-0.035854585,-0.08631919,0.013337802,0.015363392,0.07706102,0.06029235,0.01928012,-0.029200468,0.16314542,0.029767318,-0.024494916,0.0062989667,-0.027592424,0.08684312,0.032621413,-0.052398033
College & University,0.029243017,0.0007492064,-0.03687312,0.12402497,0.013115604,0.02486974,-0.0036288854,0.0017538314,-0.05854463,0.052541923,-0.08854147,-0.047401078,0.028754111,-0.014533578,-0.061663378,0.022887029,0.046397235,-0.031129085,-0.18258666,0.03223227
Bowling Alley,-0.13402055,0.05357602,0.010985216,0.058616452,0.042037807,0.02549209,0.026106182,-0.05608419,-0.07836995,-0.030545447,-0.006801093,0.019152252,0.0005503576,0.0435581,0.09074125,-0.009544808,-0.006772711,-0.024973463,0.04948844,0.003056785
Thai Restaurant,0.040970888,-0.05714363,0.026889574,-0.026631532,-0.04024557,0.08780879,-0.031520277,-0.0043464014,-0.025065938,-0.002120457,0.0055564647,-0.06270969,0.025037246,0.036883604,-0.1383791,0.037168104,0.09438537,-0.034299124,0.004901178,0.07332147
Optical Shop,-0.053071834,0.047271103,-0.037209526,0.019288942,0.010886648,-0.005486753,-0.071430035,-0.11678167,-0.012938848,0.023249863,0.05864302,-0.092206486,-0.0158191,0.018831637,-0.055400994,0.0035211993,-0.031142615,-0.0028673438,-0.034717724,-0.020386513
Dentist's Office,-0.045975678,0.025960708,-0.038268436,0.08599509,-0.028115064,0.011936788,0.058118455,-0.039552264,-0.03388617,0.04541953,-0.019872092,0.06517149,0.074320525,-0.033938423,-0.0397906,0.12658167,-0.007325057,-0.04627775,0.051576193,-0.058086164
Fish Market,-0.028934564,-0.025321495,-0.04651481,0.05359658,0.02691455,0.011848359,0.03795109,-0.05038186,0.009434456,0.056616,-8.855411e-05,-0.06802706,0.023055533,-0.011578611,-0.10681592,0.0046797823,0.031033218,0.007634824,-0.031071141,-0.03840144
Factory,-0.007016171,0.009314235,-0.03686979,0.049817637,-0.00846526,-0.019365946,0.09150197,-0.06521881,0.026330367,0.12368719,-0.1002419,0.02975936,0.032321446,0.004284108,-0.041393533,0.07265419,0.038961925,-0.0043525584,-0.01892376,-0.0063125137
Platform,-0.0016596038,0.064729825,0.013626052,-0.02264595,0.043572523,-0.16477633,-0.04108534,0.06091371,-0.03435015,0.00978259,-0.017139466,0.043007836,-0.014907465,0.029989565,-0.037952207,-0.054590512,0.02100531,-0.023200968,-0.14400244,-0.0017104372
Gas Station,0.011884954,-0.08306418,-0.0341722,0.04461858,0.10283965,0.088487074,0.016002884,-0.024113802,-0.0661163,0.054344453,-0.02655291,-0.056263916,-0.026520375,-0.007336961,-0.06418557,-0.01944279,0.030760959,-0.010749452,-0.01475117,-0.031698883
Italian Restaurant,0.057899028,0.0025656503,0.004217332,-0.08466824,0.0076205814,0.09160942,-0.03845171,0.024116118,-0.028367106,0.02482866,0.003295566,-0.088069096,0.012001678,-0.05330045,-0.07090778,0.07958734,0.11123125,-0.016037235,0.013226381,0.019756023
Furniture / Home Store,-0.024246814,-0.010221055,0.0051713255,0.06816939,0.07096681,0.008054933,-0.0074861925,-0.10953599,0.04325011,0.073163785,-0.024787826,-0.06529848,-0.0028204964,0.044571456,-0.063984975,-0.02617457,0.003913248,-0.0011769114,-0.046832655,-0.009889003
Accessories Store,-0.04692455,0.005715497,0.0051289713,0.047003858,-0.031283773,0.03822589,-0.031510573,-0.09820979,0.063333996,-0.0024591424,0.04644708,-0.047369145,-0.0031574955,0.0013665734,-0.059578188,-0.004657055,-0.028502563,-0.014755577,0.0064700413,0.004898171
Photography Lab,0.0068832785,0.002443863,-0.023243872,0.0041825697,-0.04517332,0.03364169,-0.012583147,-0.03617594,-0.038885843,0.0115905,0.019688336,-0.066070065,0.008725643,0.03598015,-0.08108193,0.05362455,0.041795194,-0.033603497,-0.067570336,0.002396761
Camera Store,-0.009816487,0.038570907,-0.004013014,-0.01256324,-0.0055757286,0.010182871,-0.087976344,-0.07662091,-0.01859009,0.04149182,0.11807687,-0.030341567,-0.05803377,0.010541348,-0.026382593,-0.01856092,-0.05175163,-0.0015191473,-0.020840026,0.048729874
Middle School,-0.0015587918,-0.03895479,-0.045814745,0.07138048,-0.038008496,0.009063349,0.09415518,-0.024297874,-0.03474598,0.04291531,-0.041111484,0.0028247274,0.058252502,-0.038855344,-0.07233142,0.07746235,-0.02087998,-0.03751213,-0.032286532,-0.037573732
Food Truck,-0.017695677,8.012913e-05,0.028186113,0.010192461,-0.030745236,0.050951205,-0.01755668,-0.017854959,-0.043878954,-0.04191144,0.103330635,-0.04926189,0.04724506,0.04130372,-0.09250432,0.054230593,0.06802489,-0.022217609,0.011821027,0.023201277
Hookah Bar,-0.058706142,0.03623022,-0.02419386,-0.0059623793,-0.0063424744,-0.037416473,-0.062447205,0.020712972,-0.06337319,-0.045796894,0.12068729,-0.026342696,-0.0090155415,0.0017258096,-0.03802761,0.029174883,0.032417215,0.022524819,-0.014966644,0.022100272
Pet Store,-0.012159582,0.012888282,-0.021788888,0.025375593,-0.003699026,0.028850023,-0.020785764,-0.039766703,-0.03847727,-0.017066212,0.07513636,-0.026761172,0.0071022287,-0.026748575,-0.062562674,0.032296143,0.027093649,0.016959041,-0.0019817702,-0.013854813
Spanish Restaurant,0.06025688,-0.00725694,0.06595692,-0.021549568,-0.049584776,0.11028487,-0.03181588,0.018623665,-0.06392145,-0.0045469115,0.040249746,-0.060323708,0.048050847,0.044508357,-0.08187889,0.06989953,0.1127217,-0.049877387,0.009816381,0.075434685
Breakfast Spot,-0.044925768,-0.0021786876,-0.027908077,0.019281965,-0.036234695,0.026742894,0.026344186,-0.045607705,-0.025147153,-0.08104688,0.070154004,-0.068513036,0.025569756,-0.0228534,-0.05704155,0.05097805,0.08911829,-0.01116449,-0.00030805077,-0.015965
Farm,0.0056839003,0.0200411,0.006444647,-0.00732339,-0.08260856,-0.004798958,-0.015747545,-0.008001197,0.0471894,-0.0017733686,0.052281216,-0.01832423,0.079298995,-0.001523362,-0.03298047,0.01385071,-0.01601351,0.02839862,0.005517,0.0028024465
Science Museum,-0.057092246,-0.024865124,0.013328994,0.11481666,0.016921133,0.04401973,0.09937948,-0.016516581,-0.07686229,-0.05531577,0.033653118,-0.011422239,0.03489056,0.0012316965,0.031418998,-0.016403656,0.021558948,-0.060611226,0.022140509,-0.030878019
College Lab,0.02208685,-0.033574477,-0.051335894,0.1456193,-0.0014052619,0.0669783,-0.013207398,0.0052877767,-0.046301894,0.020650752,-0.053721037,0.010694545,-0.005737193,0.01394773,-0.036227304,-0.010566986,0.025458254,-0.06872141,-0.10342169,0.031873032
Trade School,0.029234637,0.0038476558,-0.017467031,0.086070344,0.03370999,0.024305223,-0.0012169951,0.0110327825,-0.079827495,0.022176903,-0.053359542,-0.020141209,0.016977008,-0.042352118,-0.024093183,0.030242002,0.009024239,-0.03579025,-0.13387232,0.016547667
Steakhouse,0.06944679,-0.007930063,0.03053456,-0.05217518,-0.04711842,0.12565655,-0.042058952,-0.0046924194,-0.0037089605,0.017580368,-0.012156038,-0.053830616,0.028131377,0.045461394,-0.11449547,0.10470867,0.13156612,-0.046579294,-0.010221204,0.05871376
